lot_id,auction_id,sale_date,year,make,model,engine_cc,odometer,sold_price,hammer_price,lot_name
REC15717-1,157,2025-08-04,1990,Cagiva,900 I.E. Elefant,904,,7475,6500,1990 Cagiva 900 i.e. Elefant 904cc
REC15717-2,157,2025-08-04,2003,Kawasaki,Zx-6R Ninja Bh1,636,,2357,2050,2003 Kawasaki ZX-6R Ninja B1H 636cc
REC15720-1,157,2025-08-04,2006,Honda,Crf70F,72,,977,850,c.2006 Honda CRF70F 72cc
REC15720-2,157,2025-08-04,2008,Honda,Crf100F,99,,1380,1200,c.2008 Honda CRF100F 99cc
REC15720-3,157,2025-08-04,1976,Yamaha,Xt500,497,,3220,2800,1976 Yamaha XT500 1N5 497cc
REC15720-4,157,2025-08-04,2014,Honda,Crf250L,249,,4830,4200,2014 Honda CRF250L 249cc
REC15742-1,157,2025-08-04,1957,Ariel,Nh 350 Red Hunter,346,,667,580,1957 Ariel NH 350 Red Hunter Project 346cc
REC15745-1,157,2025-08-04,1970,Bsa,Bantam,124,,1150,1000,c.1970 BSA Bantam Racer 124cc
REC15762-1,157,2025-08-04,1972,Honda,Cb175,174,,1955,1700,1972 Honda CB175-K6 Super Sport 174cc *
REC15762-2,157,2025-08-04,1973,Honda,Cl350 K4 Scrambler,325,,2070,1800,1973 Honda CL350 K4 Scrambler 325cc *
REC15764-1,157,2025-08-04,1953,Norton,Model 7 Dominator,497,,2415,2100,1953 Norton Model 7 Dominator 497cc
REC15771-1,157,2025-08-05,1930,Ladies,Bicycle,,,57,50,c.1930s Ladies Bicycle
REC15771-2,157,2025-08-05,1950,Raleigh,Power Pak,49,,92,80,c.1950 Gents Bicycle with Power Pak Cyclemotor 49cc
REC15777-1,157,2025-08-06,1958,Velocette,Venom,497,,2436,2118,1958 Velocette Venom 497cc
REC15782-1,157,2025-08-07,1977,Honda,Cb400/4 Super Sport,408,,3220,2800,1977 Honda CB400F Super Sport 408cc
REC15789-1,157,2025-08-08,1995,Ducati,600 Monster Cafe Racer,583,,3105,2700,1995 Ducati 600 Monster 'Café Racer' 583cc
REC15797-1,157,2025-08-12,1976,Honda,Cb750 K6,736,,3680,3200,1976 Honda CB750 K6 736cc
REC15803-1,157,2025-08-14,1989,Suzuki,Gs500E,487,,230,200,1989 Suzuki GS500E 487cc
REC15803-10,157,2025-08-14,1980,Suzuki,Ts185,183,,517,450,c.1980 Suzuki TS185 183cc
REC15803-2,157,2025-08-14,1988,Sachs,125 Scrambler,124,,345,300,1988 Sachs 125 'Scrambler' 124cc
REC15803-3,157,2025-08-14,1978,Suzuki,"Ts185 ""Cafe Racer""",183,,207,180,1978 Suzuki TS185 'Café Racer' 183cc
REC15803-4,157,2025-08-14,1986,Suzuki,Gs125,124,,575,500,1986 Suzuki GS125 Custom 'Bobber' 124cc
REC15803-5,157,2025-08-14,1989,Kawasaki,Kh100Ex,99,,667,580,1989 Kawasaki KH100EX 99cc
REC15803-6,157,2025-08-14,1981,Yamaha,Rs200,195,,1035,900,1981 Yamaha RS200 195cc
REC15803-7,157,2025-08-14,1978,Yamaha,Rs125Dx,123,,1897,1650,1978 Yamaha RS125DX 123cc
REC15803-8,157,2025-08-14,1974,Suzuki,Ts185,183,,1495,1300,1974 Suzuki TS185 183cc
REC15803-9,157,2025-08-14,1974,Suzuki,Ts100,97,,1610,1400,1974 Suzuki TC100 97cc
REC15803-11,157,2025-08-15,1978,Morini Franco Motori,Race Bike,49,,667,580,c.1978 Morini Franco Motori Race Bike 49cc
REC15803-12,157,2025-08-15,1989,Yamaha,Yb100,97,,828,720,1989 Yamaha YB100 97cc
REC15803-13,157,2025-08-15,1968,Honda,Z50A K0 Monkey,49,,632,550,1968 Honda Monkey Z50A K0 Project 49cc
REC15803-14,157,2025-08-15,1976,Honda,Z5A Mini Trail 50,49,,1265,1100,1976 Honda Z50A Mini Trail 50 Project 49cc
REC15803-15,157,2025-08-15,1974,Suzuki,Gt750L,738,,2530,2200,1974 Suzuki GT750L Project 738cc
REC15803-16,157,2025-08-15,1970,Suzuki,Tc120,118,,483,420,c.1970 Suzuki TC120 118cc
REC15803-22,157,2025-08-15,1984,Honda,Vf500F 2E,499,,460,400,1984 Honda VF500F 2E 499cc
REC15803-23,157,2025-08-15,1994,Suzuki,Gsx750G,748,,724,630,1994 Suzuki GSX750G Barry Sheene Tribute 748cc
REC15803-24,157,2025-08-15,2003,Suzuki,Gsf600 600 Bandit S,599,,460,400,2003 Suzuki GSF600 Bandit S 599cc
REC15803-25,157,2025-08-15,1989,Kawasaki,Gt550 G4,553,,253,220,1989 Kawasaki GT550 G4 553cc
REC15803-17,157,2025-08-16,2003,Kawasaki,Vn800 Vulcan Drifter,805,,1840,1600,2003 Kawasaki VN800 Vulcan Drifter 805cc
REC15803-18,157,2025-08-16,2012,Lambretta,Pato,125,,172,150,c.2012 Lambretta Pato 125cc
REC15803-19,157,2025-08-16,1991,Honda,Cbr1000F,998,,782,680,1991 Honda CBR1000F Super Sport 998cc
REC15803-20,157,2025-08-16,1972,Suzuki,Gt750J,738,,2530,2200,1972 Suzuki GT750J Project 738cc
REC15803-21,157,2025-08-16,1993,Suzuki,Gsf400,398,,402,350,1993 Suzuki GSF400 398cc
REC15826-1,157,2025-08-23,1972,Honda,Cb125S,124,,2415,2100,1972 Honda CB125S 124cc
REC15825-1,157,2025-08-24,1984,Honda,Gl400 Custom,396,,1955,1700,1984 Honda GL400 Custom 396cc
REC15812-1,157,2025-08-26,2002,Triumph,Bonneville America,790,,2185,1900,2002 Triumph Bonneville America 790cc
REC15829-1,157,2025-08-26,1965,Lambretta,Tv175,174,,5750,5000,1965 Lambretta TV175 S3 174cc
REC15829-2,157,2025-08-26,2011,Moto Guzzi,Nevada,744,,2185,1900,2011 Moto Guzzi Nevada 744cc
REC15837-1,157,2025-08-30,1978,Honda,Cb400T Dream,395,,1840,1600,1978 Honda CB400T Dream 395cc
REC15874-1,157,2025-09-07,2010,Kawasaki,Kx85B,84,,632,550,c.2010 Kawasaki KX85B 84cc
REC15875-1,157,2025-09-07,2024,Sunra,Miku Super Electric Scooter,,,575,500,2024 Sunra MIKU SUPER Electric Scooter *
REC15736-2,157,2025-09-11,2018,Reiju,Tango 125,124,,1035,900,2018 Reiju Tango 125 124cc
REC15885-1,157,2025-09-11,1993,Yamaha,Virago Xv1100,1063,,1380,1200,"1993 Yamaha XV1100 Virago Custom Bobber 1,063cc"
REC15893-10,157,2025-09-11,1961,Bsa,D7 Bantam,174,,977,850,1961 BSA D7 Bantam Trials 174cc
REC15893-2,157,2025-09-11,1962,Bsa,C15,249,,1092,950,1962 BSA C15 249cc
REC15893-4,157,2025-09-11,1963,Triumph,T120 Bonneville,649,,5405,4700,1963 Triumph T120 Bonneville 649cc
REC15893-5,157,2025-09-11,1958,Ariel,Huntmaster Custom,648,,3220,2800,1958 Ariel Huntmaster 'Custom Chopper' 648cc
REC15894-2,157,2025-09-11,1997,Honda,Rvf400Rt  Nc35,399,,4830,4200,1997 Honda RVF400RT NC35 399cc
REC15895-1,157,2025-09-11,2014,Triumph,T100 Bonneville,865,,3277,2850,2014 Triumph T100 Bonneville 865cc
REC15908-1,157,2025-09-13,1994,Cagiva,Elefant,750,68500,3450,3000,1994 Cagiva Elefant 750 748cc
REC15909-1,157,2025-09-13,1965,Honda,Cz100,49,,8970,7800,1965 Honda CZ100 Monkey Bike 49cc
REC15911-1,157,2025-09-13,1960,Triumph,3Ta Twenty One,348,,2760,2400,1960 Triumph 3TA Twenty One 348cc
REC15799-2,157,2025-09-14,2012,Ducati,1198 Sp,1198,,8625,7500,"2012 Ducati 1198 SP 1,198cc"
REC15880-4,157,2025-09-14,1983,Kawasaki,Gpz1100 A-1,1089,,253,220,"1983 Kawasaki GPZ1100 A1 1,089cc"
REC15880-5,157,2025-09-14,1967,Sprite,37A,244,,632,550,1967 Sprite Trials Bike 250 244cc
REC15880-6,157,2025-09-14,1963,Matchless,G15/45,,,4600,4000,1963 Matchless G15/45 750cc
REC15919-1,157,2025-09-15,1932,Sunbeam,Model 90,491,,7475,6500,1932 Sunbeam Model 90 491cc
REC15921-1,157,2025-09-16,1968,Dmw,Race Bike,247,,2185,1900,c.1968 DMW Hornet Race Bike 247cc
REC15880-2,157,2025-09-17,1965,Norton,Atlas,750,,3220,2800,1965 Norton Atlas 750cc
REC15921-2,157,2025-09-17,1967,Greeves,Silverstone,250,,2645,2300,c.1967 Greeves Silverstone 249cc
REC15939-1,157,2025-09-17,1985,Honda,Xl600Lmf,591,,4600,4000,1985 Honda XL600LM PD04 591cc
REC15943-1,157,2025-09-17,1997,Triumph,Speed Triple 750,749,,1840,1600,1997 Triumph Speed Triple 750 749cc
REC15944-1,157,2025-09-17,1984,Honda,Atc110,105,,3565,3100,1984 Honda ATC110 105cc
REC15965-1,157,2025-09-19,1985,Suzuki,Sp600,589,,3680,3200,1985 Suzuki SP600 589cc
REC15986-1,157,2025-09-23,1992,Honda,Rs125Rf,,,4025,3500,1992 Honda RS125R 124.8cc
REC15991-1,157,2025-09-23,2020,Motolug,Se Colapsable Motorcycle Trailer,,,598,520,c.2020 Motolug SE Collapsible Single-Bike Trailer
REC15762-5,157,2025-09-24,1980,Honda,Cb550F,550,,1725,1500,1980 Honda CB550F 550cc *
REC15921-3,157,2025-09-24,1967,Ajs,Stormer Race Bike,249,,2530,2200,c.1967 AJS Stormer Villiers Race Bike 249cc
REC15982-2,157,2025-09-30,1971,Bultaco,Sherpa  Sammy Miller,,,1495,1300,1971 Bultaco Sammy Miller Sherpa T 244cc
REC16026-1,157,2025-09-30,2002,Yamaha,Yzf-R1,998,,3680,3200,2002 Yamaha YZF-R1 998cc
REC16026-2,157,2025-09-30,1976,Honda,Nc50 Express,49,,805,700,1976 Honda NC50 Express 49cc
REC16026-3,157,2025-09-30,1997,Yamaha,Yb50,49,,782,680,1997 Yamaha YB50 49cc
REC16026-4,157,2025-09-30,1972,Yamaha,Ft50,49,,1035,900,1972 Yamaha FT50 Trail Bike 49cc
REC16026-5,157,2025-09-30,1977,Suzuki,Ts125,123,,2185,1900,1977 Suzuki TS125 123cc
REC16026-6,157,2025-09-30,1983,Honda,Tlr200,195,,3335,2900,1983 Honda TLR200 Trials Bike 195cc
REC16026-7,157,2025-09-30,1965,Meguro Junior Auto Race Bike,Meguro,350,,977,850,c.1965 Japanese Junior Auto Race Bike 350cc
REC16026-8,157,2025-09-30,1995,Japanese Auto Race Bikes,Suzuki,599,,805,700,c.1995 Japanese Auto Race Bike 599cc
REC16029-1,157,2025-09-30,1976,Yamaha,V75A Scooterette,73,,483,420,1976 Yamaha V75A Autolube Scooterette 73cc
REC15762-3,157,2025-10-01,1947,Peugeot,P55,125,,1725,1500,1947 Peugeot P55 125cc *
REC15769-1,157,2025-10-01,1991,Ducati,900Ss 'Baines Project Imola',904,,8050,7000,1991 Ducati 900SS 'Baines Project Imola' 904cc
REC15770-1,157,2025-10-01,2003,Petronas,Fp1,899,,20700,18000,2003 Petronas FP1 899cc - 40 Miles
REC15793-1,157,2025-10-01,1981,Honda,Cbx 1000,1047,,7475,6500,"1981 Honda CBX1000 Super Sport 1,047cc"
REC15795-1,157,2025-10-01,1946,Harley-Davidson,El,1208,,52900,46000,"1946 Harley-Davidson EL 'Knucklehead' 1,208cc"
REC15799-1,157,2025-10-01,2006,Mv Agusta,F4 1000 Senna,998,,18400,16000,2006 MV Agusta F4 1000 Senna 998cc
REC15799-4,157,2025-10-01,1979,Honda,Cbx Super Sport,1047,,9775,8500,"1979 Honda CBX Super Sport 1,047cc"
REC15824-1,157,2025-10-01,1962,Norton,Norvin Comet,499,,5175,4500,1962 Norton Norvin Comet 499cc
REC15831-1,157,2025-10-01,2005,Honda,Cbr900Rr Fireblade,998,,11500,10000,2005 Honda CBR1000RR SC57 FireBlade 998cc
REC15840-1,157,2025-10-01,1960,Norton,Domiracer,497,,2990,2600,1960 Norton Domiracer 497cc
REC15864-1,157,2025-10-01,1995,Ducati,900 Super Sport,904,,2242,1950,1995 Ducati 900 Super Sport 904cc
REC15864-2,157,2025-10-01,1997,Triumph,Daytona T595,955,,1840,1600,1997 Triumph T595 Daytona 955cc
REC15864-4,157,2025-10-01,1994,Ducati,888 Strada,888,,6670,5800,1994 Ducati 888 Strada 888cc
REC15864-7,157,2025-10-01,2002,Ducati,999 Biposto,999,,5520,4800,2002 Ducati 999 Biposto 999cc
REC15864-8,157,2025-10-01,1998,Honda,Cbr1100Xx Super Blackbird,1137,,1667,1450,"1998 Honda CBR1100XX Super Blackbird 1,137cc"
REC15893-1,157,2025-10-01,1950,Bsa,Zb31,499,,3910,3400,1950 BSA ZB31 Gold Star Competition Model 499cc
REC15893-6,157,2025-10-01,1956,Bsa,A10 Road Rocket,648,,3105,2700,1956 BSA A10 Road Rocket 648cc
REC15893-7,157,2025-10-01,1951,Bsa,Zb31 Gold Star,499,,2875,2500,1951 BSA B31 Gold Star 499cc
REC15893-8,157,2025-10-01,1956,Triumph,6T Thunderbird,648,,4370,3800,1956 Triumph 6T Thunderbird 648cc
REC15893-9,157,2025-10-01,1955,Bsa,Cb34 Gold Star,499,,4600,4000,1955 BSA CB34 Gold Star 499cc
REC15927-1,157,2025-10-01,1974,Ducati,350 Scrambler,340,,5175,4500,1974 Ducati 350 Scrambler 340cc
REC15959-1,157,2025-10-01,2009,Triumph,Bonneville Se,865,,4082,3550,2009 Triumph Bonneville SE 865cc - 306 Miles
REC15962-1,157,2025-10-01,1984,Ducati,Pantah,583,,2990,2600,1984 Ducati Pantah 600SL 583cc
REC15993-1,157,2025-10-01,1975,Ducati,Desmo 239,239,,4600,4000,1975 Ducati Desmo 239 239cc - ex-Paul Smart
REC16022-1,157,2025-10-01,1982,Fantic,Fm237 Professional Trail 124Cc,124,,1035,900,c.1982 Fantic FM237 Trials Bike 124cc
REC16032-1,157,2025-10-01,1985,Honda,Xl600R Pharaoh,591,,7705,6700,1985 Honda XL600R Pharaoh 591cc
REC16056-1,157,2025-10-01,1957,Norton,Model 50,348,,2760,2400,1957 Norton Model 50 348cc
REC16056-2,157,2025-10-01,1957,Norton,Model 19S,596,,2990,2600,1957 Norton Model 19S 596cc
REC15933-1,157,2025-10-02,1966,Bsa,Bantam,173,,805,700,1966 BSA Bantam D7 173cc
REC15933-5,157,2025-10-02,1972,Norton,750 Commando 745,745,,4025,3500,1972 Norton 750 Commando 745cc
REC15933-8,157,2025-10-02,1976,Triumph,T160 Trident,736,,5175,4500,1976 Triumph T160 Trident 736cc
REC15933-9,157,2025-10-02,1961,Triumph,3Ta,350,,1955,1700,1961 Triumph 3TA Twenty One 348cc
REC16044-1,157,2025-10-02,1966,Matchless,G80Cs,500,,5290,4600,1966 Matchless G80CS Scrambler 498cc
REC16073-1,157,2025-10-02,1978,Mv Agusta,350 Sport Ipotesi,349,,4600,4000,1978 MV Agusta 350S Sport Ipotesi 349cc
REC16073-2,157,2025-10-02,1968,Mv Agusta,125 Regolarità,124,,4025,3500,1968 MV Agusta 125 Regolarità 124cc
REC15779-2,157,2025-10-03,1919,Triumph,Type D Tt Roadster,550,,6325,5500,1919 Triumph Type D TT Roadster 550cc
REC15933-2,157,2025-10-04,1955,Vincent,Series D Black Prince,998,,52900,46000,1955 Vincent Series D Black Prince 998cc
REC15933-3,157,2025-10-04,1978,Triumph,T140 Bonneville,744,,2300,2000,1978 Triumph T140V Bonneville 744cc
REC15933-4,157,2025-10-04,1951,Vincent,Series C Comet,499,,10350,9000,1951 Vincent Series C Comet 499cc
REC15933-6,157,2025-10-04,1949,Vincent,Series C Rapide,998,,28750,25000,1949 Vincent Series C Rapide 998cc
REC16075-1,157,2025-10-04,1978,Honda,Cb400F Supersport (400/4),408,,4600,4000,1978 Honda CB400F Super Sport 408cc
REC16099-2,157,2025-10-04,2007,Honda,Crf450X,449,,3335,2900,2007 Honda CRF450X 449cc
REC15933-7,157,2025-10-05,1953,Vincent,Series C Rapide Combination,998,,23000,20000,1953 Vincent Series C Rapide with Steib Sidecar 998cc
REC16069-1,157,2025-10-06,2018,Ajs,Tempest Scrambler,124,,862,750,2018 AJS Tempest Scrambler 125 124cc
REC16112-1,157,2025-10-07,1980,Ducati,900,900,,7475,6500,1980 Ducati Mike Hailwood Replica Mk1 864cc
REC16112-2,157,2025-10-07,1957,Bsa,Seeley,500,,5750,5000,1957 BSA Seeley Mk2 500 Goldstar 499cc
REC16113-1,157,2025-10-07,1959,Mv Agusta,Ottantatre,83,,1495,1300,1959 MV Agusta Ottantatre 83cc
REC16113-2,157,2025-10-07,1974,Moto Graziella,Cheeky Boy,47,,1265,1100,1974 Moto Graziella Cheeky Boy 47cc
REC16113-3,157,2025-10-07,1958,Norton,Dominator 99,596,,3680,3200,1958 Norton Dominator 99 596cc
REC16072-1,157,2025-10-08,1969,Honda,Cb750,736,,16100,14000,1969 Honda CB750 K0 'Sandcast' 736cc
REC16072-2,157,2025-10-08,1969,Honda,Cb750,736,,16100,14000,1969 Honda CB750 K0 'Sandcast' 736cc
REC16072-3,157,2025-10-08,1978,Honda,Cb750,736,,10810,9400,1978 Honda CB750P K6 Police Bike 736cc
REC16116-1,157,2025-10-08,2000,Ducati,996,996,,5290,4600,2000 Ducati 996 Monoposto 996cc
REC16123-1,157,2025-10-08,1959,Triumph,5Ta Speed Twin,499,,2530,2200,1959 Triumph 5TA Speed Twin 499cc
REC16123-2,157,2025-10-08,1968,Bsa,A75R Rocket 3 Mk1,741,,5520,4800,1968 BSA A75R Rocket 3 Mk1 741cc
REC16123-3,157,2025-10-08,1976,Triumph,T140V Bonneville 744,744,,2875,2500,1976 Triumph T140V Bonneville 744cc
REC16063-1,157,2025-10-09,1997,Kawasaki,Vn 1500-D2,1470,,1380,1200,"1997 Kawasaki VN1500-D2 1,470cc"
REC16122-3,157,2025-10-09,1959,Triumph,3Ta Twenty One,348,,1782,1550,1959 Triumph 3TA Twenty One 348cc
REC16122-4,157,2025-10-09,1957,Triumph,3Ta Twenty One,348,,1610,1400,1957 Triumph 3TA Twenty One 348cc
REC16103-5,157,2025-10-10,1960,Norton,Dominator,597,,3680,3200,1960 Norton Dominator 600 597cc
REC16123-4,157,2025-10-10,1963,Bsa,A10 Rocket Gold Star,646,,7820,6800,1963 BSA A10 Rocket Gold Star Replica 646cc
REC16041-1,157,2025-10-11,1997,Ducati,916 Sps,996,,18975,16500,1997 Ducati 916 SPS 996cc
REC16063-2,157,2025-10-11,1959,Matchess,G12,650,,2415,2100,1959 Matchless G12 646cc
REC16063-3,157,2025-10-11,1994,Suzuki,Gsx-R 400,400,,1495,1300,1994 Suzuki GSX-R400 398cc
REC16137-1,157,2025-10-11,2000,Triumph,Daytona,955,,1150,1000,2000 Triumph Daytona 955i 955cc
REC16140-1,157,2025-10-11,1995,Yamaha,Yzf750 Norton Rwc 588 Jps Replica,749,,3680,3200,1995 Yamaha YZF750R ‘Norton RWC 588’ Replica 749cc
REC16162-1,157,2025-10-11,,Bike Trailer,N/A,,,345,300,Single Axle Motorcycle Trailer
REC16184-2,157,2025-10-11,1974,Malaguti,Rc50 Ronchino,48,,977,850,1974 Malaguti RC50 Ronchino 48cc
REC16184-3,157,2025-10-11,1982,Italjet,M5C,49,,667,580,1982 Italjet M5C 49cc
REC16184-4,157,2025-10-11,1974,Harley-Davidson,Z90,89,,2185,1900,1974 Harley-Davidson Z90 89cc
REC16184-5,157,2025-10-11,1978,Yamaha,Gt50,49,,1150,1000,1978 Yamaha GT50 49cc
REC16184-6,157,2025-10-11,1985,Honda,Z50J,49,,2530,2200,1985 Honda Z50J 49cc
REC16184-7,157,2025-10-11,1962,Nsu,Quickly S,49,,575,500,1962 NSU Quickly S 49cc
REC15762-6,157,2025-10-12,1986,Honda,Xbr 500,499,,1265,1100,1986 Honda XBR 500 499cc *
REC16093-4,157,2025-10-12,1979,Kawasaki,Z1300,1286,,5980,5200,"1979 Kawasaki Z1300 1,286cc - Offered Directly From Harry Metcalfe"
REC16093-5,157,2025-10-12,1979,Yamaha,Xt500,497,,5577,4850,1979 Yamaha XT500 497cc - Offered Directly From Harry Metcalfe
REC16093-6,157,2025-10-12,1984,Honda,Xl500R,494,,5980,5200,1984 Honda XL500R 498cc - Offered Directly From Harry Metcalfe
REC16103-1,157,2025-10-12,1953,Bsa,Goldstar,498,,7820,6800,1953 BSA DBD34 Gold Star 499cc
REC16103-2,157,2025-10-12,1962,Norton,Es2,500,,4600,4000,1962 Norton ES2 490cc
REC16112-3,157,2025-10-12,1992,Honda,Rs250,,,1035,900,1992 Honda RS250 Frame with Parts 248cc
REC16162-2,157,2025-10-12,1985,Armstrong,N/A,482,,2990,2600,1985 Armstrong MT500 Fitted With a Rotax 604E Engine 604cc
REC16173-1,157,2025-10-12,1949,Norton,16H,490,,1840,1600,1949 Norton 16H 490cc
REC16194-1,157,2025-10-12,2009,Suzuki,Gsf 1250 Bandit,1255,,1840,1600,"2009 Suzuki GSF 1250 Bandit 1,255cc"
REC16195-1,157,2025-10-12,1971,Honda,Cb500 Four K0,498,,5175,4500,1971 Honda CB500 Four K0 498cc
REC16196-1,157,2025-10-12,1968,Impex,Velo Solex S 3800,49,,345,300,1968 Velo Solex S 3800 49cc
REC16196-2,157,2025-10-12,1962,Velo Solex,S 2200 V1,49,,322,280,1962 Velo Solex S 2200 V1 49cc
REC16197-2,157,2025-10-12,2006,Triumph,955I Daytona,955,,1150,1000,2006 Triumph 955i Daytona 955cc
REC16197-3,157,2025-10-12,2006,Triumph,955I Daytona,955,,1840,1600,2006 Triumph 955i Daytona 955cc
REC16197-4,157,2025-10-12,2004,Suzuki,Gsx-R1000 K4 Rizla Limited Edition,999,,6325,5500,2004 Suzuki GSX-R1000 K4 Rizla Limited Edition 999cc
REC16197-5,157,2025-10-12,2005,Suzuki,Gsx-R1000 K4 Rizla Limited Edition,999,,7820,6800,2005 Suzuki GSX-R1000 K4 Rizla Limited Edition 999cc
REC16197-6,157,2025-10-12,2004,Suzuki,Sv1000S K3,996,,3335,2900,2004 Suzuki SV1000S K3 Rizla Replica 996cc
REC16201-1,157,2025-10-12,2017,Ducati,Panigale R,1198,,12650,11000,"2017 Ducati 1199 Panigale R 1,198cc"
REC16093-7,157,2025-10-13,1989,Yamaha,Xtz750 Super Tenere,749,,3335,2900,1989 Yamaha XTZ750 Super Tenere 749cc - Offered Directly From Harry Metcalfe
REC16103-3,157,2025-10-13,1955,Bsa,A10 Gold Flash (Plunger),650,,3105,2700,1955 BSA A10 Golden Flash 646cc
REC16158-1,157,2025-10-13,1997,Buell,Thunderbolt S3T Touring,1203,,3220,2800,"1997 Buell Thunderbolt S3T Tourer 1,203cc"
REC16193-1,157,2025-10-13,1999,Suzuki,Gsx-R750 Srad,749,,2875,2500,1999 Suzuki GSX-R750 SRAD 748cc
REC16205-1,157,2025-10-13,1975,Bmw,R90S,898,,7475,6500,1975 BMW R90S 898cc
REC16214-1,157,2025-10-13,1942,Harley-Davidson,Wlc,739,,13800,12000,1942 Harley-Davidson WLC 739cc
REC16206-1,157,2025-10-14,1962,Bsa,A10 Rocket Goldstar Replica,649,,4255,3700,1962 BSA A10 Rocket Gold Star Replica 646cc
REC16206-2,157,2025-10-14,1942,Bsa,M20,496,,4140,3600,1942 BSA M20 496cc
REC16206-3,157,2025-10-14,1962,Royal Enfield,Meteor Minor,496,,690,600,1962 Royal Enfield Meteor Minor 496cc
REC16206-4,157,2025-10-14,1958,Matchless,G12 Csr,646,,517,450,1956 Matchless G12 CSR 646cc
REC16206-5,157,2025-10-14,1985,Harley Davidson,Chopper Project,,,1035,900,c.1995 Harley-Davidson Evo Chopper Project
REC16263-1,243,2025-11-23,1978,Rickman,Metisse Triumph,498,,6900,6000,1978 Rickman Metisse Triumph 498cc
REC16271-1,243,2025-11-23,1995,Honda,Cbr900Rr-S Sc28 Fireblade,893,,3335,2900,1995 Honda CBR900RR-S SC28 FireBlade 'Urban Tiger' 893cc
REC16284-1,243,2025-11-23,1990,Yamaha,V-Max,1198,,2070,1800,"1990 Yamaha V-Max 1,198cc"
REC16285-1,243,2025-11-23,2009,Buell,1125R,1125,,4025,3500,"2009 Buell 1125R 1,125cc"
REC16326-1,243,2025-11-23,1938,Triumph,Tiger 70 Zh Delux,,,4025,3500,1938 Triumph Tiger 70 ZH Deluxe 250cc
REC16329-1,243,2025-11-23,1957,Triumph,T110 Tiger,649,,4830,4200,1957 Triumph T110 Tiger 649cc
REC16330-2,243,2025-11-23,1984,Benelli,254 231Cc,231,,5175,4500,1984 Benelli 254 231cc
REC16331-1,243,2025-11-23,1990,Kawasaki,Kr-1,249,,4370,3800,1990 Kawasaki KR-1 249cc
REC16323-1,243,2025-11-25,1998,Triumph,Daytona 1200 Se,1180,,2875,2500,"1998 Triumph Daytona 1200 SE 1,180cc - #82 of 250"
REC16330-3,243,2025-11-25,1922,Ajs,Model B 2 3/4 Hp Touring,349,,4830,4200,1922 AJS Model B the 2¾hp Touring 349cc
REC16330-4,243,2025-11-25,1918,Sunbeam,3 1/2 Hp,499,,3220,2800,c.1918 Sunbeam 3½hp 499cc Project
REC16331-2,243,2025-11-25,1994,Honda,Cbr250Rr Mc22,249,,2185,1900,1994 Honda CBR250RR MC22 249cc
REC16331-3,243,2025-11-25,1989,Honda,Vfr400 Nc30,399,,1035,900,1989 Honda VFR400 NC30 Project 399cc956 -
REC16331-4,243,2025-11-25,1988,Honda,Cbr400R Nc23,398,,575,500,1988 Honda CBR400R NC23 Project 398cc
REC16336-1,243,2025-11-28,1953,Francis Barnett,Trials,197,,1035,900,1953 Francis-Barnett Trials 197cc
REC16338-4,243,2025-11-29,1962,Bsa,A10 Rocket Gold Star,646,,9775,8500,1962 BSA A10 Rocket Gold Star 646cc
REC16342-1,243,2025-11-30,1987,Honda,Nsr250R Mc16,249,,3680,3200,1987 Honda NSR250R MC16 249cc
REC16354-1,243,2025-12-05,1960,Ajs,Csr Model 31,650,,2185,1900,1960 AJS Model 31 CSR 646cc
REC16358-2,243,2025-12-08,1970,Bultaco,49,249,,3565,3100,1970 Bultaco Sherpa T Model 49 249cc
REC16376-1,243,2025-12-09,2004,Ducati,999R,999,,14720,12800,2004 Ducati 999R 999cc
REC16341-1,243,2025-12-12,1991,Honda,Vfr400R Nc30,398,,2500,2500,1991 Honda VFR400R NC30 Track/Race Bike 399cc
REC16358-1,243,2025-12-12,1974,Yamaha,Fs1-E,50,,4600,4000,1974 Yamaha FS1-E 50cc
REC16381-1,243,2025-12-12,2003,Harley-Davidson,Xl883C Sportster Custom,883,,4370,3800,2003 Harley-Davidson XL883C Sportster Custom 883cc
REC16379-1,243,2025-12-16,1988,Yamaha,Fs1-M,60,,3105,2700,1988 Yamaha FS1-M 60cc
REC16389-1,243,2025-12-16,1970,Laverda,750Sf,744,,7130,6200,1970 Laverda 750 SF 744cc
REC16389-2,243,2025-12-16,2004,Piaggio,Vespa Gt200L,198,,1725,1500,2004 Piaggio Vespa GT200L 198cc
REC16396-1,243,2025-12-18,1977,Honda,Rickman Metisse Cr750,750,,9430,8200,1977 Rickman Honda CR750 750cc
REC16410-1,243,2025-12-20,1959,Bsa,Dbd34 Gold Star,499,,12075,10500,1959 BSA DBD34 Gold Star 499cc
REC16411-1,243,2025-12-20,1986,Yamaha,Rd500,492,,12305,10700,1986 Yamaha RD500 492cc
REC16412-1,243,2025-12-21,1966,Norton,Triton,750,,4715,4100,1966 Norton Triton 750cc
REC16414-1,243,2025-12-24,1966,Triumph,6T Thunderbird,649,,3680,3200,1966 Triumph 6T Thunderbird 649cc
REC16414-2,243,2025-12-24,1972,Suzuki,T350 Rebel,315,,2990,2600,1972 Suzuki T350 Rebel 315cc
REC16340-1,243,2026-01-07,1998,Moto Guzzi,Sport Corsa 1100,1064,,5175,4500,"1998 Moto Guzzi 1100 Sport Corsa #137 1,064cc"
REC16426-3,243,2026-01-07,1951,Ariel,Square Four,997,,8050,7000,1951 Ariel Square Four 997cc
REC16426-4,243,2026-01-07,1953,Vincent,Series C Rapide,998,,34500,30000,1953 Vincent Series C Rapide Touring 998cc
REC16426-7,243,2026-01-08,2010,Bmw,Hp2 Sport,1170,,13570,11800,"2010 BMW HP2 Sport 1,170cc"
REC16428-1,243,2026-01-08,1967,Greeves,Silverstone,,,4830,4200,1967 Greeves 24RES Silverstone 246cc
REC16429-1,243,2026-01-08,1970,Triumph,T120Rt Bonneville,744,,8625,7500,1970 Triumph T120RT 750 Bonneville 744cc
REC16430-1,243,2026-01-08,1977,Suzuki,Ap50,49,,4140,3600,1977 Suzuki A50P 49cc
REC16437-1,243,2026-01-13,1929,Ariel,Model E,497,,5980,5200,1929 Ariel Model E 497cc
REC16452-1,243,2026-01-14,1950,Scott,Squirrel,596,,5520,4800,1950 Scott Squirrel 'Racer' 596cc
REC16458-1,243,2026-01-15,2005,Suzuki,Rizla Suzuki Gsx-R1000 K5 Bsb,998,,17480,15200,2005 Rizla Suzuki GSX-R1000 K5 BSB 998cc - ex-John Reynolds
REC16459-1,243,2026-01-15,1975,Yamaha,Rd250B,247,,3795,3300,1975 Yamaha RD250B 247cc
REC16461-1,243,2026-01-15,1979,Yamaha,Xt500,499,,3565,3100,1979 Yamaha XT500 499cc
REC16461-2,243,2026-01-15,1982,Yamaha,Xt250,249,,1092,950,1982 Yamaha XT250 249cc
REC16464-1,243,2026-01-15,1948,Moto Guzzi,Motoleggera,65,,3680,3200,1948 Moto Guzzi Motoleggera  65cc
REC16464-3,243,2026-01-15,1957,Mm,250,247,,4830,4200,1957 Moto Mazzetti MM250 247cc
REC16464-2,243,2026-01-17,1952,Mm,250,250,,6900,6000,1952 Moto Mazzetti MM250 247cc
REC16284-2,243,2026-01-18,2000,Suzuki,Tl1000 Sx,996,,1610,1400,2000 Suzuki TL1000 SX 'Streetfighter' 996cc
REC16469-1,243,2026-01-18,1959,Triumph,T120 Bonneville,649,,11960,10400,1959 Triumph T120 Bonneville 649cc
REC16469-2,243,2026-01-18,1959,Triumph,T110 Tiger,649,,8280,7200,1959 Triumph T110 Tiger 649cc
REC16470-1,243,2026-01-19,1968,Fahron Engineering Yamaha,175 Race Bike,175,,1725,1500,c.1968 Fahron Engineering Yamaha 175cc - Project
REC16470-2,243,2026-01-19,1986,Honda,Rs125 Nd4,125,,2990,2600,1986 Honda RS125 ND4 125cc
REC16466-3,243,2026-01-20,1983,Honda,Xl185,180,,1955,1700,1983 Honda XL185S 180cc
REC16477-1,243,2026-01-20,1985,Harris,Harris Kawasaki Race Bike,1179,,8510,7400,"1985 Harris Kawasaki Race Bike 1,179cc"
REC16477-2,243,2026-01-20,1977,Pem Kawasaki,Endurance Racer,998,,10350,9000,1977 PEM Moriwaki Kawasaki Race Bike 998cc
REC16499-1,243,2026-01-21,1934,Norton,Model 18,490,,7820,6800,1934 Norton Model 18 with Swallow Sidecar 490cc
REC16500-1,243,2026-01-21,2001,Ducati,996 Biposto,996,,7820,6800,2001 Ducati 996 Biposto 996cc
REC16501-1,243,2026-01-21,1950,Royal Enfield,Model J1 500,499,,3795,3300,1950 Royal Enfield Model J1 500 449cc
REC16510-1,243,2026-01-23,2005,Confederate,Hellcat,1851,,24725,21500,"2005 Confederate Hellcat 1,851cc"
REC15581-14,243,2026-01-24,1977,Ajw,Fox Cub,50,,1552,1350,1977 AJW Fox Cub Sports Moped 50cc
REC15581-15,243,2026-01-24,1957,Piatti,Cycle Master,125,,3335,2900,1957 Piatti Cycle Master 125cc
REC16489-2,243,2026-01-24,1973,Honda,St 70,,,2645,2300,1973 Honda ST70 Dax 72cc
REC16516-1,243,2026-01-24,1976,Kawasaki,Kt250,246,,2300,2000,1976 Kawasaki KT250 246cc
REC16482-1,243,2026-01-25,1976,Fantic,Caballero 50,49,,2875,2500,1976 Fantic Caballero 50 49cc
REC16482-2,243,2026-01-25,1992,Yamaha,Fzr1000,1002,,3450,3000,"1992 Yamaha FZR1000 1,002cc"
REC16482-3,243,2026-01-25,1985,Yamaha,Rd350Lc2,347,,8280,7200,1985 Yamaha RD350LC2 347cc
REC16386-1,243,2026-01-26,2000,Honda,Valkyrie,1520,,4600,4000,"2000 Honda Valkyrie 1,520cc"
REC16386-18,243,2026-01-26,1956,Adler,Mb250S,250,,2530,2200,1956 Adler MB250 'S' 250cc
REC16386-2,243,2026-01-26,1979,Ducati,900,864,,5290,4600,1979 Ducati 900GTS 864cc
REC16386-20,243,2026-01-26,1959,Nsu,Supermax,250,,3220,2800,1959 NSU Supermax 250cc
REC16386-22,243,2026-01-26,1950,Vincent,Series C Comet,499,,13570,11800,1950 Vincent Series C Comet 499cc
REC16386-25,243,2026-01-26,1952,Vincent,Series C Shadow,998,,43700,38000,1952 Vincent Series C Black Shadow 998cc
REC16386-4,243,2026-01-26,,Nsu Sportsmax,Replica,,,3450,3000,c.1955 NSU Sportmax Replica 250cc
REC16386-5,243,2026-01-26,1958,Adler,Mb250,247,,2645,2300,1958 Adler Favorit 250cc
REC16386-6,243,2026-01-26,1955,Adler,Mb250,250,,2185,1900,c.1955 Adler MB250 250cc
REC16386-10,243,2026-01-27,,Steib,S250,,,575,500,c.1950 Steib TR500 Sidecar
REC16386-11,243,2026-01-27,,Steib,S350,,,690,600,c.1935 Steib S350 Sidecar
REC16386-12,243,2026-01-27,1961,Bmw,R69,600,,10350,9000,1961 BMW R69S 594cc and Steib 501 Sidecar
REC16386-13,243,2026-01-27,1954,Zundapp,Ks601,592,,13800,12000,1954 Zundapp KS601 592cc and Swallow Jet 80 Sidecar
REC16386-14,243,2026-01-27,1967,Bmw,R60,600,,6210,5400,1967 BMW R60/2 590cc and Steib S501 Sidecar
REC16386-15,243,2026-01-27,1959,Bmw,R60,600,,6325,5500,1959 BMW R60 590cc and Steib S500 Sidecar
REC16386-19,243,2026-01-27,1957,Adler,Mb250,250,,3680,3200,1957 Adler Favorit 250cc and Steib LS200 Sidecar
REC16386-21,243,2026-01-27,1956,Adler,Mb250,247,,2415,2100,1956 Adler MB250 247cc
REC16386-3,243,2026-01-27,1979,Honda,250N,249,,1725,1500,1979 Honda 250N Super Dream 249cc
REC16536-1,243,2026-01-27,1975,Bmw,R90S,898,,5980,5200,1975 BMW R90S 898cc
REC16536-2,243,2026-01-27,1996,Bmw,Bmw R1000 Gs,980,,4370,3800,1996 BMW R1000 GS 980cc
REC16548-1,243,2026-01-27,1931,Humber,Sv 350,349,,3795,3300,1931 Humber SV 350 349cc
REC16548-2,243,2026-01-27,1975,Yamaha,Ty175,171,,2185,1900,1975 Yamaha TY175 171cc
REC16548-3,243,2026-01-27,1931,Bsa,S31-10 De Luxe Sloper,493,,9660,8400,1931 BSA S31-10 de Luxe Sloper 493cc
REC16554-1,243,2026-01-28,2001,Kawasaki,Zxr400-L9,398,,5175,4500,2001 Kawasaki ZXR400-L9 398cc
REC16570-1,243,2026-01-29,1964,Triumph,T20 Sr Tiger Cub,199,,2530,2200,1964 Triumph T20 SR Trials Tiger Cub 199cc
REC16553-1,243,2026-01-31,1997,Honda,Xr600,591,,5865,5100,1997 Honda XR600 591cc
REC16562-1,243,2026-01-31,1979,Yamaha,Fs1,49,,4025,3500,1976 Yamaha FS1 49cc
REC16565-1,243,2026-01-31,1964,Honda,C95 Benly,154,,1725,1500,1964 Honda C95 Benly 154cc
REC16573-1,243,2026-01-31,1979,Yamaha,Rd250F 1A2,247,,5520,4800,1979 Yamaha RD250F 1A2 247cc
REC16573-2,243,2026-01-31,2016,Yamaha,Yzf R1M,998,,21850,19000,2016 Yamaha YZF R1M 998cc
REC16587-1,243,2026-01-31,1969,Benelli,Pasolini Rep,500,,3680,3200,1989 Benelli Pasolini Replica 500cc
REC16597-1,243,2026-01-31,1987,Yamaha,Rd500,499,,14950,13000,1987 Yamaha RD500 499cc
REC16598-1,243,2026-01-31,1977,Yamaha,Gt80,79,,1897,1650,1977 Yamaha GT80 79cc
REC16598-2,243,2026-01-31,1975,Yamaha,Dt175,174,,2760,2400,1975 Yamaha DT175 174cc
REC16598-3,243,2026-01-31,1983,Yamaha,Rd80,79,,2530,2200,1983 Yamaha RD80 79cc
REC16598-5,243,2026-01-31,1979,Honda,Cb750Ss Britain,736,,6670,5800,1979 Honda CB750SS Britain 736cc
REC16598-6,243,2026-01-31,1979,Suzuki,X7,247,,5980,5200,1979 Suzuki X7 247cc
REC16563-3,243,2026-02-01,1975,Suzuki,Rv125,123,,1725,1500,1975 Suzuki RV125 123cc
REC16563-4,243,2026-02-01,1974,Honda,Chaly,72,,1667,1450,1974 Honda Chaly 72cc
REC16563-5,243,2026-02-01,1925,Motobécane,Mb1,125,,977,850,c.1925 Motobécane Model MB1 Light Solo 175cc
REC16604-1,243,2026-02-01,2003,Suzuki,Gsx-R1000 K3,988,,4830,4200,2003 Suzuki GSX-R1000 K3 988cc
REC16599-1,243,2026-02-02,1975,Suzuki,Gt750M,738,,7590,6600,1975 Suzuki GT750M 738cc
REC16599-2,243,2026-02-02,1935,Norton,Model 30 International,490,,11500,10000,1935 Norton Model 30 International 490cc
REC16599-3,243,2026-02-02,1960,Norton,Dominator 88,497,,2760,2400,1960 Norton Dominator 88 497cc
REC16599-4,243,2026-02-02,1956,Norton,Model 30 International,490,,10350,9000,1956 Norton Model 30 International 490cc
REC16604-2,243,2026-02-02,2002,Suzuki,Gsx-R600 K1,599,,3680,3200,2002 Suzuki GSX-R600 K2 599cc
REC16606-1,243,2026-02-03,2002,Ducati,S4 Monster Challenge Bike,916,,4025,3500,2002 Ducati S4 Monster Challenge Bike 916cc
REC16615-1,243,2026-02-03,1985,Honda,Rtl250Sf Trials Machine,249,,4370,3800,1985 Honda RTL250RSF Trials Machine 249cc
REC16615-2,243,2026-02-03,1984,Honda,Tlr200,195,,1840,1600,1984 Honda TLR200 195cc
REC16615-3,243,2026-02-03,1985,Honda,Tlm200R Trials Machine,195,,1667,1450,1995 Honda TLM200R Trials Machine 195cc
REC16615-4,243,2026-02-03,1984,Yamaha,Ty250 Scotish Trials Machine,246,,1725,1500,1984 Yamaha TY250 Scottish Trials Machine 246cc
REC16615-5,243,2026-02-03,1999,Ducati,M900S Monster,904,,4025,3500,1999 Ducati M900S Monster 'Matrix' Tribute 904cc
REC16615-6,243,2026-02-03,1995,Aprilia,Rs250 'Rossi' Tribute,249,,6325,5500,1995 Aprilia RS250 Mk1 'Rossi' Tribute 249cc
REC16616-1,243,2026-02-03,1946,Ariel,1946 Ariel 350 Ng 348Cc,348,,3105,2700,1946 Ariel NG 350 348cc
REC16616-2,243,2026-02-03,1957,Ariel,Huntmaster,648,,2875,2500,1957 Ariel Huntmaster 648cc
REC16650-1,254,2026-02-15,1980,Triumph,Tr7Rv Tiger,744,,2645,2300,1980 Triumph TR7RV Tiger 744cc
REC16651-1,254,2026-02-15,1976,Honda,Cb550F Super Sport,544,,4715,4100,1976 Honda CB550F Four Super Sport 544cc
REC16652-1,254,2026-02-16,1972,Triumph,T120R Bonneville,649,,3220,2800,1972 Triumph T120R Bonneville 649cc
REC16652-4,254,2026-02-16,2001,Yamaha,Yzf-R1,998,,2990,2600,2001 Yamaha YZF-R1 998cc
REC16720-1,254,2026-02-26,1956,Triumph,Tr6 Trophy,649,,3680,3200,1956 Triumph TR6 Trophy 649cc
REC16721-1,254,2026-02-26,1903,Rothwell,2 Hp,147,,6785,5900,c.1903 Rothwell 2hp 147cc
REC16722-1,254,2026-02-26,1955,Vincent,Black Prince,998,,21850,19000,1955 Vincent Series D Black Prince Combination 998cc
REC16729-1,254,2026-02-27,1972,Suzuki,Gt750J,378,,6670,5800,1972 Suzuki GT750J 738cc
REC16755-1,254,2026-03-01,2004,Yamaha,Wr450F 2-Trac,449,,9200,8000,2004 Yamaha WR450F 2-Trac 449cc
REC16773-1,254,2026-03-03,1974,Yamaha,Rd350B,347,,3220,2800,1974 Yamaha RD350B 347cc
REC16741-1,254,2026-03-07,2007,Triumph,955I,1050,,1955,1700,2007 Triumph 955i Daytona 955cc
REC16789-1,254,2026-03-10,1953,Vincent,Series C Black Shadow,998,,33350,29000,1953 Vincent Series C Black Shadow 998cc
REC16789-3,254,2026-03-10,1925,Triumph,Model P Mk1,494,,7475,6500,1925 Triumph Model P Mk1 494cc
REC16792-1,254,2026-03-12,1960,Dmw,Dolomite,249,,2070,1800,1960 DMW Dolomite  Mk II 249cc
REC16792-2,254,2026-03-12,1960,Triumph,Tiger Cub,199,,2300,2000,1960 Triumph T20 Tiger Cub 199cc
REC16793-1,254,2026-03-12,2010,Suzuki,Gsx-R1000 Anniversary,999,,4715,4100,2010 Suzuki GSX-R1000 Anniversary LE  999cc
REC16802-1,254,2026-03-13,1990,Norton,F1 Rotary,588,,25300,22000,1990 Norton F1 Rotary 588cc
REC16792-3,254,2026-03-14,1980,Moto Guzzi,V50 Mkii,493,,1840,1600,1980 Moto Guzzi V50 MkII 493cc
REC16801-1,254,2026-03-14,1969,Triumph,Tr6,649,,4715,4100,1969 Triumph TR6 Trophy 649cc
REC16801-2,254,2026-03-14,1971,Triumph,T100 Daytona,490,,4025,3500,1971 Triumph T100R Daytona 490cc
REC16805-2,254,2026-03-14,2996,Kawasaki,Zx-7R (P1),749,,2760,2400,1996 Kawasaki ZX-7R Ninja (P1) 748cc
REC16805-3,254,2026-03-14,1965,Mobylette,Av44,49,,897,780,1965 Motobécane Mobylette AV44 49cc
REC16807-1,254,2026-03-15,1955,Triumph,T100 Tiger,498,,4140,3600,1955 Triumph T100 Tiger 498cc
REC16807-2,254,2026-03-15,1939,Vincent Hrd,Series A Comet,498,,22425,19500,1939 Vincent HRD Series A Comet 498cc
REC16810-1,254,2026-03-16,2000,Bmw,R1200C,1170,,3910,3400,"2000 BMW R1200C 1,170cc"
REC16719-1,254,2026-03-17,1979,Honda,Cb750F Super Sport,749,,1725,1500,1979 Honda CB750F Super Sport 749cc
REC16818-1,254,2026-03-17,1970,Honda,Z50Ak2 Mini Trail,49,,2415,2100,1970 Honda Z50AK2 Mini Trail 49cc
REC16459-3,254,2026-03-18,1973,Yamaha,Tx500,498,,1610,1400,1973 Yamaha TX500 498cc
REC16821-1,254,2026-03-18,2004,Ducati,Monster S4R,996,,4715,4100,2004 Ducati Monster S4R 996cc
REC16819-2,254,2026-03-19,1981,Suzuki,Gs650E,673,,1035,900,1981 Suzuki GS650E 673cc
REC16828-1,254,2026-03-19,1974,Honda,Cb750K4 Four,736,,5520,4800,1974 Honda CB750K4 Four 736cc
REC16819-4,254,2026-03-20,1973,Yamaha,Rd175A Enduro,175,,2530,2200,1974 Yamaha DT175A Enduro 171cc
REC16819-5,254,2026-03-20,2002,Aprilla,Pegaso 650,651,,1092,950,2002 Aprilia Pegaso 650 651cc
REC16819-6,254,2026-03-20,1977,Yamaha,Rd250,247,,4715,4100,1977 Yamaha RD250 247cc
REC16832-2,254,2026-03-22,1983,Harley Davidson,Flht Electra Glide,1340,,9430,8200,"1984 Harley-Davidson FLHT Electra Glide 1,340cc & Steib sidecar"
REC16835-1,254,2026-03-22,2018,Suzuki,Gsx1300 Ra L7,1340,,8050,7000,"2018 Suzuki GSX1300RA Hayabusa 1,340cc"
REC16836-2,254,2026-03-22,1967,Bsa,Spitfire Mk Iii,648,,4830,4200,1967 BSA A65 Spitfire Mk III 648cc
REC16835-2,254,2026-03-23,1961,Ajs,Model 31,646,,2070,1800,1961 AJS Model 31 646cc
REC16835-3,254,2026-03-23,1961,Ajs,Model 31,646,,2530,2200,1961 AJS Model 31 646cc
REC16835-4,254,2026-03-23,1961,Ajs,Model 31 Csr,646,,3680,3200,1961 AJS Model 31 CSR 646cc
REC16837-1,254,2026-03-23,1997,Ducati,916 Biposto,916,,5175,4500,1997 Ducati 916 Biposto 916cc
REC16840-2,254,2026-03-24,1985,Jawa,4 Valve Speedway Bike,500,,2530,2200,c.1985 Jawa 4-Valve Speedway Bike 500cc
REC16840-4,254,2026-03-24,1969,Triumph,Tr6C Trophy Competition,649,,5980,5200,1969 Triumph TR6C Trophy Competition 649cc
REC16847-1,254,2026-03-25,2007,Ducati,999R,999,,13340,11600,2007 Ducati 999R 999cc
REC16849-1,254,2026-03-25,1952,Wassell,Bantam Trials,185,,1840,1600,1952 Wassell Bantam Trials 185cc
REC16849-2,254,2026-03-25,1960,Bsa,A7 Shooting Star,497,,2760,2400,1960 BSA A7 Shooting Star 497cc
REC16849-3,254,2026-03-25,1960,Bsa,A10 Golden Flash,646,,3795,3300,1960 BSA A10 Golden Flash 646cc
REC16853-1,254,2026-03-25,2000,Yamaha,V Max,1198,,2760,2400,"2000 Yamaha V-Max 1200 Full Power 1,198cc"
REC16851-1,254,2026-03-26,1983,Honda,Xl600Re,589,,3450,3000,1983 Honda XL600RE 589cc
REC16851-3,254,2026-03-26,2003,Honda,Xr650R,649,,6325,5500,2003 Honda XR650R 649cc
REC16851-4,254,2026-03-26,1980,Suzuki,Dr400,396,,2415,2100,1980 Suzuki DR400 396cc
REC16856-1,254,2026-03-26,1968,Triumph,T90 Tiger,349,,4025,3500,1968 Triumph T90 Tiger 349cc
REC16857-1,254,2026-03-26,1981,Honda,Cb900F,900,,1035,900,1981 Honda CB900F Super Sport 902cc
REC16859-1,254,2026-03-27,1975,Ducati,239 Mk Iii,239,,1840,1600,1975 Ducati 239 Mk III 239cc
REC16862-1,254,2026-03-28,1960,Triumph,T120R Bonneville,649,,14030,12200,1960 Triumph T120R Bonneville 649cc
REC16863-1,254,2026-03-28,2001,Triumph,Bonneville T100,790,,4830,4200,2001 Triumph Bonneville T100 790cc
REC16868-1,254,2026-03-29,1986,Yamaha,Fj1200,1188,,2415,2100,"1986 Yamaha FJ1200 1,188cc"
REC16868-2,254,2026-03-29,1997,Yamaha,Xj900 Diversion,892,,2415,2100,1997 Yamaha XJ900 Diversion 892cc
REC16868-3,254,2026-03-29,1959,Ariel,Square Four,997,,9200,8000,1959 Ariel Square Four 997cc
REC16869-1,254,2026-03-29,1976,Honda,Cb400F Super Sports,408,,2530,2200,1976 Honda CB400F Super Sport 408cc
REC16869-2,254,2026-03-29,1992,Honda,Cbr400Rr Nc29,398,,2875,2500,1992 Honda CBR400RR NC29 398cc
REC16869-3,254,2026-03-29,1992,Honda,Vfr400Rnc30,399,,4370,3800,1992 Honda VFR400R NC30 399cc
REC16869-4,254,2026-03-29,2005,Ducati,749R,749,,10235,8900,2005 Ducati 749R Biposto 749cc
REC16869-6,254,2026-03-29,1996,Honda,Cb400 Super Four S,399,,2300,2000,1996 Honda CB400 Super Four S 399cc
REC16869-7,254,2026-03-29,1998,Ducati,916 Biposto,916,,5750,5000,1998 Ducati 916 Biposto 916cc
REC16869-8,254,2026-03-29,2004,Ducati,999 Monoposto,999,,4255,3700,2004 Ducati 999 Monoposto 999cc
REC16869-9,254,2026-03-29,1997,Ducati,748 Biposto,748,,6210,5400,1997 Ducati 748 Biposto 748cc
REC16874-1,254,2026-03-29,1953,Ajs,Model 18S,498,,2300,2000,1953 AJS Model 18S 498cc
REC16875-1,254,2026-03-30,2020,Bmw,R1250 Gs Adventure Rally Te,1254,,12535,10900,"2020 BMW R1250 GS Adventure Rallye TE 1,254cc"
REC16876-1,254,2026-03-30,2005,Triumph,1050 Sprint St,1050,,1035,900,"2005 Triumph 1050 Sprint ST 1,050cc"
REC16876-2,254,2026-03-30,1967,Triumph,T100R Daytona,498,,3220,2800,1967 Triumph T100R Daytona 498cc
REC16876-3,254,2026-03-30,1977,Yamaha,Xt500,499,,2990,2600,1977 Yamaha XT500 499cc
REC16824-3,254,2026-03-31,1963,Dmw,Villiers Lightweight Special,197,,575,500,1963 DMW Villiers-engined Lightweight Special 197cc
REC16875-2,254,2026-03-31,2018,Triumph,T120 Bonneville,1200,,5520,4800,"2018 Triumph T120 Bonneville 1,200cc"
REC16879-1,254,2026-03-31,1972,Yamaha,Rd350,347,,3910,3400,1972 Yamaha RD350 347cc
REC16880-1,254,2026-03-31,1975,Kawasaki,Z1A,903,,8740,7600,1975 Kawasaki Z1A 903cc
REC16880-2,254,2026-03-31,1976,Suzuki,Gt750A,739,,9085,7900,1976 Suzuki GT750A 739cc
REC16880-3,254,2026-03-31,2003,Bmw,R1100S Boxer Cup,1130,,4715,4100,"2003 BMW R1100S Boxer Cup Replica 1,130cc"
REC16883-1,254,2026-03-31,1972,Triumph,T100R Daytona,499,,3220,2800,1972 Triumph T100R Daytona 499cc
REC16884-1,254,2026-03-31,1935,Douglas,Z1 Powerflow,600,,6210,5400,1935 Douglas Z1 Powerflow 600cc
REC16884-2,254,2026-03-31,1937,Douglas,Aero 600,596,,5175,4500,1937 Douglas Aero 596cc
REC16884-3,254,2026-03-31,1953,Douglas,90 Plus,348,,6095,5300,1953 Douglas 90 Plus 348cc
REC16884-4,254,2026-03-31,1936,Douglas,Endeavour,498,,2300,2000,1936 Douglas Endeavour 498cc
REC16885-1,254,2026-03-31,1964,Velocette,Le Mkiii,192,,1092,950,1964 Velocette LE MkIII 192cc
REC16885-2,254,2026-03-31,1964,Velocette,Viper,349,,2875,2500,1964 Velocette Viper 349cc
REC16886-1,254,2026-03-31,1984,Yamaha,Ty250 Scottish Trials Machine,246,,2760,2400,1984 Yamaha TY250 Scottish Trials Machine 246cc
REC16886-3,254,2026-03-31,1983,Suzuki,Gsx1100Sz Katana,1074,,4715,4100,"1983 Suzuki GSX1100SX Katana 1,074cc"
REC16886-4,254,2026-03-31,1985,Honda,Ns400R,387,,5750,5000,1985 Honda NS400R 387cc
REC16886-6,254,2026-03-31,2003,Ducati,999 Biposto,999,,4830,4200,2003 Ducati 999 Biposto 999cc
REC16889-1,254,2026-03-31,2016,Harley-Davidson,Softail Slim,1690,,8970,7800,"2016 Harley-Davidson Softail Slim 1,690cc"
REC16882-1,254,2026-04-01,1981,Honda,Xl500S,499,,3450,3000,1981 Honda XL500S 497cc
REC16882-2,254,2026-04-01,1979,Yamaha,Xt500G,499,,4025,3500,1979 Yamaha XT500G 499cc
REC16888-1,254,2026-04-03,1990,Reliant,Rialto Trike,848,,115,100,1990 Reliant Rialto Trike 848cc
REC16888-11,254,2026-04-03,1961,Norton,Jubilee,250,,862,750,1961 Norton Jubilee 249cc
REC16888-12,254,2026-04-03,1988,Harley Davidson,Flhtc,1449,,1840,1600,"1988 Harley-Davidson FLHTCS 1,449cc"
REC16888-14,254,2026-04-03,2002,Triumph,Daytona 955I,955,,632,550,2002 Triumph Daytona 955i 955cc
REC16888-15,254,2026-04-03,1978,Yamaha,Dt175,175,,862,750,1978 Yamaha DT175 171cc
REC16888-18,254,2026-04-03,1965,Norton,Jubilee,250,,230,200,1965 Norton Jubilee 249cc
REC16888-20,254,2026-04-03,1931,Sunbeam,Model 90,492,,3680,3200,1931 Sunbeam Model 6 Lion 492cc
REC16888-21,254,2026-04-03,1962,Ajs,Model 16,350,,1092,950,1962 AJS Model 16 347cc
REC16888-22,254,2026-04-03,1959,Royal Enfield,350 Bullet,348,,1035,900,1959 Royal Enfield 350 Bullet 348cc
REC16888-23,254,2026-04-03,1975,Honda,Ct125,,,402,350,c.1975 Honda CT125 'Indian' Trail 124cc
REC16888-25,254,2026-04-03,1976,Bsa,C15 Project,,,115,100,1976 BSA C15 Project 249cc
REC16888-27,254,2026-04-03,1926,Triumph,Board Racer 500Cc,,,977,850,c.1926 Triumph Board Racer 494cc
REC16888-4,254,2026-04-03,1954,Norton,Big 4,600,,1955,1700,1954 Norton Big Four 596cc
REC16888-6,254,2026-04-03,2002,Bmw,F650 Cs,652,,632,550,2002 BMW F650 CS 652cc
REC16888-7,254,2026-04-03,2005,Suzuki,Gz250 249Cc,249,,632,550,2005 Suzuki TU 250 Steve McQueen Replica 249cc
REC16888-8,254,2026-04-03,1954,Bsa,C11,250,,862,750,1954 BSA C11 Bobber 249cc
REC16888-9,254,2026-04-03,2006,Royal Enfield,Bullet 500,499,,345,300,2006 Royal Enfield 500 Bullet 499cc
REC16888-26,254,2026-04-04,1957,Ajs,Model 14,,,575,500,1957/65 AJS Model 14 248cc
REC16929-6,263,2026-04-16,1949,Vincent,Series C Black Shadow,998,,14720,12800,1949 Vincent Series C Black Shadow Upper Frame and Engine 998cc
REC16975-2,263,2026-04-23,1972,Bsa,A75R Rocket 3,740,,5750,5000,1972 BSA A75R Rocket 3 Mk2 740cc
REC16975-1,263,2026-04-24,1971,Norton,750 Commando,745,,4830,4200,1971 Norton 750 Commando 745cc
REC16975-4,263,2026-04-24,1963,Bsa,A10 Rocket Gold Star,646,,4370,3800,1963 BSA A10 Rocket Gold Star 646cc
REC17018-1,263,2026-04-30,1958,Moto Morini,175 Corsa,175,,2875,2500,1958 Moto Morini 175 Corsa 175cc
REC17020-2,263,2026-04-30,1955,Mv Agusta,Css Squalo Race Bike,175,,9200,8000,1955 MV Agusta 175 CSS Squalo Race Bike 175cc
REC17022-1,263,2026-04-30,1977,Honda,Cb400F Super Sport,408,,2530,2200,1977 Honda CB400F Super Sport 408cc
REC17022-2,263,2026-04-30,1979,Honda,Cb550K Four,544,,2300,2000,1979 Honda CB550K Four 544cc
REC16968-4,263,2026-05-03,1989,Kawasaki,Zxr-7 Ttf1,749,,9200,8000,1989 Kawasaki ZXR-7 TTF1 Endurance Race Bike 749cc
REC16991-4,263,2026-05-07,1980,Harley-Davidson,Flt Road Glide,1340,,1725,1500,"1980 Harley-Davidson FLT Road Glide 1,340cc"
REC16991-5,263,2026-05-09,2006,Triumph,Daytona 675,675,,1150,1000,2006 Triumph 675 Daytona 675cc
REC16991-6,263,2026-05-09,1997,Husqvarna,Te610,576,,345,300,1997 Husqvarna TE610 576cc
REC17020-1,263,2026-05-09,1919,Triumph,Model H,550,,4830,4200,c.1919 Triumph Model H 550cc
REC17026-1,263,2026-05-09,1926,Raleigh,Model 20,348,,4370,3800,1926 Raleigh Model 20 348cc
REC17029-1,263,2026-05-12,1954,Ariel,Square Four,997,,6900,6000,1954 Ariel Square Four 997cc
REC17032-1,263,2026-05-15,1938,Rudge,Sports Special,498,,8970,7800,1938 Rudge Sports Special 498cc
REC17035-1,263,2026-05-16,1977,Suzuki,Gt750B,738,,7762,6750,1977 Suzuki GT750B 738cc
REC17032-2,263,2026-05-18,1956,Norton,Dominator 99,600,,3680,3200,1956 Norton Dominator 99 596cc
REC17038-1,263,2026-05-18,2013,Motolug,Se Collapsible Single-Bike Trailer,,,805,700,c.2013 Motolug SE Collapsible Single Bike Trailer
REC17052-1,263,2026-05-22,1957,Bsa,B33,500,,3450,3000,1957 BSA B33 500 499cc
REC17052-2,263,2026-05-22,1987,Bmw,R80Rt,798,,3450,3000,1987 BMW R80RT 798cc
REC17052-3,263,2026-05-22,1969,Norton Triton,750Cc Slimline,750,,3220,2800,1969 Norton Dominator 750 Triton 744cc
REC17053-2,263,2026-05-22,2004,Honda,Z50 Chrome Limited Edition Monkey,49,,2587,2250,2004 Honda Z50 Chrome Limited Edition Monkey 49cc
REC17053-3,263,2026-05-22,1975,Kawasaki,H2 Custom,748,,7475,6500,1975 Kawasaki H2 Custom 748cc
REC17054-1,263,2026-05-22,1938,Bmw,R35,348,,6900,6000,1938 BMW R35 German WW2 Military Bike 342cc
REC17059-1,263,2026-05-27,1951,Excelsior,Super Autobyk G2,98,,517,450,1951 Excelsior Super Autobyk G2 98cc
REC17059-2,263,2026-05-27,1966,Velocette,Le,,,483,420,1966 Velocette LE Mk III 192cc
REC17060-1,263,2026-05-27,1930,Scott,Sports Squirrel,498,,5635,4900,1930 Scott Sports Squirrel 498cc
REC17063-1,263,2026-05-29,1971,Yamaha,At1,123,,2185,1900,1971 Yamaha AT1 123cc
REC17065-1,263,2026-05-29,1977,Suzuki,Gt500,493,,5980,5200,1977 Suzuki GT500 492cc
REC17074-1,263,2026-05-30,1989,Yamaha,Rc350Lc F2 Ypvs,347,,5060,4400,1989 Yamaha RD350LC F2 YPVS 347cc
REC17074-2,263,2026-05-30,1991,Honda,Vfr750Fl Rc36,748,,2875,2500,1991 Honda VFR750FL RC36 748cc
REC17048-1,263,2026-05-31,1989,Honda,Honda Vfr750R-K Rc30,748,1143,34500,30000,"1989 Honda VFR750R-K Type RC30 748cc -1,144 Miles"
REC17076-1,263,2026-06-02,2012,Triumph,Bonneville T100 Steve Mcqueen,865,,5520,4800,"2012 Triumph Bonneville T100 Steve McQueen 865cc - #414/1,100"
REC17083-1,263,2026-06-03,1982,Bmw,R100Rt,6233293,,552,480,1982 BMW R100RT 980cc
REC17088-2,263,2026-06-04,1949,Sunbeam,S8,487,,2300,2000,1949 Sunbeam S8 487cc
REC17088-4,263,2026-06-04,1951,Bsa,C11,249,,1150,1000,1951 BSA C11 249cc
REC17090-1,263,2026-06-05,1957,Norton,International Model 30,,,9200,8000,1957 Norton International Model 30 490cc
REC17095-1,263,2026-06-08,1952,Ariel,Square Four,997,,4370,3800,1952 Ariel Square Four 997cc
REC17096-1,263,2026-06-08,1977,Harris,Kawasaki Endurance Race Bike,1000,,2875,2500,"c.1977 Harris Kawasaki 'Endurance' Race Bike 1,000cc"
REC17098-1,263,2026-06-08,1996,Triumph,Daytona 900 Cafe Racer,885,,2530,2200,1996 Triumph Daytona 900 Café Racer 885cc
REC17099-1,263,2026-06-08,1956,Ariel,Trials,490,,3450,3000,1956 Ariel Trials Bike 490cc
REC17099-2,263,2026-06-08,1972,Norton,Commando,745,,2990,2600,1972 Norton Commando 745cc
REC17106-1,263,2026-06-10,1952,Bsa,M33,498,,287,250,1952 BSA M33 Project 498cc
REC17106-2,263,2026-06-10,2000,Triumph,955I Daytona,955,,2070,1800,2000 Triumph 955i Daytona 955cc
REC17106-3,263,2026-06-10,2007,Harley-Davidson,Fxdc Dyna Super Glide Custom,1584,,5175,4500,"2007 Harley-Davidson FXDC Dyna Super Glide Custom 1,584cc"
REC17106-4,263,2026-06-10,2005,Honda,Vtr1000 Sp-2,999,,9200,8000,2005 Honda VTR1000 SP-2 999cc
REC17106-5,263,2026-06-10,1974,Norton,850 Commando,828,,4830,4200,1974 Norton 850 Commando 828cc
REC17032-3,263,2026-06-12,1951,Bsa,A7,495,,2070,1800,1951 BSA A7 495cc
REC17089-3,263,2026-06-12,1979,Ducati,900Sd Darmah,864,,4830,4200,1979 Ducati 900 SD 'Darmah' 864cc
REC17122-1,263,2026-06-12,1978,Honda,Cb750K2,736,,3220,2800,1978 Honda CB750 K7 736cc
REC17123-1,263,2026-06-12,1980,Fantic,Fm350 Trials 200,159,,1150,1000,1980 Fantic FM350 Trials 200 159cc
REC17123-2,263,2026-06-12,1968,Bsa,Bantam D14B,173,,1610,1400,c.1968 BSA Bantam D14B Trials Bike 173cc
REC17127-1,263,2026-06-12,1983,Honda,Xl125R,124,,3910,3400,1983 Honda XL125R 124cc
REC17123-3,263,2026-06-15,1982,Honda,Xl185S,180,,632,550,1982 Honda XL185S 180cc
REC17132-1,263,2026-06-15,1928,Rudge,Super Sports,499,,7475,6500,1928 Rudge Super Sports 499cc
C0001339-1,263,2026-06-16,2010,Ducati,Sport Classic,992,,12075,10500,"2010 Ducati SportClassic Sport 1000S 992cc - 1,912 Miles"
REC16929-4,263,2026-06-16,1951,Vincent,Series C Black Shadow,998,,48300,42000,1951 Vincent Series C Black Shadow 998cc
REC16991-1,263,2026-06-16,2000,Ducati,916 Carl Fogarty Replica,996,,34500,30000,2000 Ducati 916 Carl Fogarty Replica 996cc
REC16991-3,263,2026-06-16,2008,Ducati,Desmosedici Rr,989,,67850,59000,2008 Ducati Desmosedici RR 989cc
REC17017-1,263,2026-06-16,2009,Bmw,Hp2 Sport,1170,,8050,7000,"2009 BMW HP2 Sport 1,170cc"
REC17044-1,263,2026-06-16,2005,Benelli,Tnt Titanium,1131,,8050,7000,"2005 Benelli TNT 1130 Titanium 1,130cc"
REC17086-1,263,2026-06-16,2017,Bmw,S1000Rr 'Tyko' Bsb Race Replica,999,,16100,14000,2017 BMW S1000RR 'Tyco' BSB Race Replica 999cc
REC17113-1,263,2026-06-16,2016,Godet Egli Vincent,Sport Gt,1330,,65550,57000,"2016 Godet Egli-Vincent Sport GT 1,330cc"
REC17132-2,263,2026-06-16,1928,Coventry Eagle,D44,350,,3680,3200,1928 Coventry-Eagle D44 350cc
REC17144-1,263,2026-06-17,1977,Yamaha,Rd400,398,,5175,4500,1977 Yamaha RD400D 398cc
REC17147-1,263,2026-06-17,1988,Harley Davidson,Tour Glide Classic Fltc 1340Cc,1340,,3795,3300,"1988 Harley-Davidson FLTC Tour Glide Classic 1,340cc"
REC17150-1,263,2026-06-17,1935,Montgomery,Greyhound Jap,498,,8625,7500,1935 Montgomery Greyhound JAP 498cc
REC17151-1,263,2026-06-17,1932,Norton,Model 1 Big Four,633,,5750,5000,1932 Norton Model 1 Big Four 633cc
REC17152-1,263,2026-06-17,1954,Triumph,T110 Tiger 110,649,,8050,7000,1954 Triumph T110 Tiger 110 649cc
REC17123-4,263,2026-06-19,2003,Honda,St1300A Pan European,1261,,690,600,"2003 Honda ST1300A Pan European 1,261cc"
REC17123-5,263,2026-06-19,1985,Honda,Cb750K,748,,690,600,1985 Honda CB750K 748cc
REC17171-1,263,2026-06-20,1961,Triumph,6T Thunderbird,649,,3450,3000,1961 Triumph 6T Thunderbird 649cc
REC17172-2,263,2026-06-21,1976,Mv Agusta,Gp Replica,48,,5980,5200,c.1976 MV Agusta 'GP' Replica Mini Bike 48cc
REC17173-1,263,2026-06-21,1958,Bmw,R69,594,,5750,5000,1958 BMW R69 594cc
REC17174-3,263,2026-06-22,1982,Ducati,Tt2 Race Replica,597,,8625,7500,c.1983 Ducati TT2 Race Replica 597cc
REC17130-10,263,2026-06-23,2023,Ducati,Street Fighter V4 Sp2,1103,,21275,18500,"2023 Ducati Street Fighter V4 SP2 #234 1,103cc"
REC17130-5,263,2026-06-23,2008,Harley Davidson,Soft Tail,1584,,8510,7400,"2008 Harley-Davidson Softail Deluxe 1,584cc"
REC17130-6,263,2026-06-23,1976,Kawasaki,Z900,903,,5750,5000,1976 Kawasaki Z900 903cc
REC17130-8,263,2026-06-23,2016,Ktm,690 Enduro,693,,5520,4800,2016 KTM 690 Enduro 693cc - 499 Miles
REC17130-9,263,2026-06-23,2021,Mv Agusta,Rush 1000,998,,20700,18000,2021 MV Agusta 'RUSH' 1000 #274/300 998cc
REC17181-1,263,2026-06-23,1929,Levis,A2,346,,3220,2800,1929 Levis A2 346cc
REC17192-1,263,2026-06-25,1975,Suzuki,T500,493,,5750,5000,1975 Suzuki T500 493cc
REC17192-2,263,2026-06-25,1971,Bsa,Firebird Scrambler,654,,4025,3500,1971 BSA A65FS Firebird Scrambler 654cc
REC17192-3,263,2026-06-25,1964,Bsa,Lightning Rocket,654,,4025,3500,1964 BSA A65 Lightning Rocket 654cc
REC17202-1,263,2026-06-27,1959,Capriolo,75,74,,1035,900,1959 Capriolo 75 74cc
REC17202-2,263,2026-06-27,1959,Mv Agusta,150,151,,460,400,1959 MV Agusta 150 151cc
REC17202-3,263,2026-06-27,1958,Garelli,70,69,,437,380,1958 Garelli 70 69cc
REC17209-3,263,2026-06-27,2010,Moto Guzzi,V7 Classic,744,,2300,2000,2010 Moto Guzzi V7 Classic 744cc
REC17209-4,263,2026-06-27,1972,Honda,Cl175,175,,1725,1500,1972 Honda CL175 K6 Scrambler 175cc
REC17209-5,263,2026-06-27,1990,Ducati,Paso,904,,2185,1900,1990 Ducati Paso 906E 904cc
REC17211-1,263,2026-06-27,1976,Ossa,Mar 250 Trials,244,,2530,2200,1976 Ossa MAR 250 Trials 244cc
REC17202-10,263,2026-06-29,1992,Kawasaki,Ksr-1,49,,368,320,c.1992 Kawasaki KSR-1 50 49cc
REC17202-11,263,2026-06-29,1979,Motobi,Sport Special,124,,368,320,1973 Motobi 125 Sport Special 124cc
REC17202-12,263,2026-06-29,1998,Beta,Techno 250 B6,247,,460,400,c.1998 Beta Techno B6 250 247cc
REC17202-13,263,2026-06-29,1989,Tomos,A3 Automatic,49,,575,500,1989 Tomos A3 Automatic Moped 49cc
REC17202-14,263,2026-06-29,1984,Fantic,Tx250,125,,345,300,c.1984 Fantic TX250 Trials Bike 125cc
REC17202-15,263,2026-06-29,1974,Yamaha,Xs500E,498,,460,400,1974 Yamaha XS500E 498cc
REC17202-4,263,2026-06-29,1979,Honda,Z50J Monkey Bike,49,,1380,1200,1979 Honda Z50J 'Metisse' Monkey Bike 49cc
REC17202-5,263,2026-06-29,1959,Mondial,Scugnizzo,74,,368,320,1959 Mondial Scugnizzo 74cc
REC17202-6,263,2026-06-29,1968,Negrini,Texas,49,,230,200,c.1968 Negrini Texas 49cc
REC17202-8,263,2026-06-29,2008,Yamaha,Cp250 Max Am,249,,437,380,c.2008 Yamaha CP250 Max Am 249cc
REC17202-9,263,2026-06-29,1968,Yamaha,A7,123,,483,420,1968 Yamaha A7 123cc
REC17215-3,263,2026-06-29,2023,Ccm,Spitfire Bobber,600,,5520,4800,2023 CCM Spitfire Bobber 600cc
REC17225-1,263,2026-06-29,1975,Harley Davidson,X90 Monkey Bike,89,,2530,2200,1975 Harley-Davidson X90 Monkey Bike 89cc
REC17209-6,263,2026-06-30,1988,Moto Morini,Excalibur 350,344,,322,280,c.1988 Moto Morini Excalibur 350 344cc ♢
REC17209-7,263,2026-06-30,1985,Moto Morini,350 K2,344,,690,600,c.1985 Moto Morini 350 K2 344cc ♢
REC17209-8,263,2026-06-30,1974,Moto Morini,350 Mk1,344,,1035,900,c.1974 Moto Morini 350 Mk1 344cc ♢
REC17209-9,263,2026-06-30,1975,Ducati,Scrambler,,,3220,2800,1975 Ducati Scrambler 350 340cc
REC17215-2,263,2026-06-30,2006,Harley Davidson,Springer Softail,1450,,11270,9800,"2006 Harley-Davidson FLSTCI Springer Softail 1,450cc"
REC17219-1,263,2026-06-30,1994,Triumph,Speed Tripple,885,,2875,2500,1994 Triumph Speed Triple 885cc
REC17219-2,263,2026-06-30,1998,Kawasaki,Vn800 Classic,805,,3450,3000,1998 Kawasaki VN800 Classic 805cc - 454 Miles
REC17225-2,263,2026-06-30,1957,Leopard,Bobby,47,,437,380,1957 Leopard Bobby 49cc
REC17226-1,263,2026-06-30,1978,Yamaha,Xs750,747,,1610,1400,1978 Yamaha XS750 747cc
REC17231-1,263,2026-06-30,1986,Suzuki,Rg500 Gamma,498,,24725,21500,1986 Suzuki RG500 Gamma 498cc
REC17234-1,263,2026-06-30,1976,Triumph,Bonneville,,,4370,3800,1976 Triumph Bonneville T140 'Desert Sled' 750cc
REC17234-2,263,2026-06-30,1949,Bsa,B31,,,2300,2000,1949 BSA B31-3 48cc
REC17236-2,263,2026-06-30,1991,Honda,Cbr1000F-K,998,,517,450,1991 Honda CBR1000F-K 998cc
REC17236-3,263,2026-06-30,1996,Honda,C90T Cub,98,,1725,1500,1996 Honda C90T Cub 89cc
REC17236-4,263,2026-06-30,2000,Harley-Davidson,Silent Grey Fellow Tribute,,,862,750,Harley-Davidson 'Silent Grey Fellow' Tribute Bike
REC17205-2,263,2026-07-01,1979,Kawasaki,Kh250B,249,,4025,3500,1979 Kawasaki KH250B 249cc
REC17302-1,263,2026-07-14,1973,Honda,St70,72,,2185,1900,1973 Honda ST70 72cc
REC16929-13,263,2026-07-17,1953,Vincent,Series C Black Shadow,998,,4140,3600,1953 Vincent Series C Black Shadow Upper Frame and Girdraulic Forks
