Make,Model,Year,Price,Mileage,Engine
Teyin,TY 50 QT-5E…,2026,1250,18,50
Teyin,TY 125 T-26F…,2026,1250,3512,125
Lexmoto,OCR 125…,2026,1500,11,124
Lexmoto,Aura 125…,2026,1500,6000,125
Herald Motor Co,Brat 250…,2026,1700,238,223
Lambretta,Li,2026,1750,10000,125
Suzuki,TS90,2026,1750,4353,98
Keeway,Superlight 1…,2026,1800,3324,124
Suzuki,Address 125…,2026,1900,245,124
Keeway,RKS 125…,2026,1900,8,124
Lexmoto,R66S…,2026,1999,2100,124
Lexmoto,ZSB 125…,2026,2150,4,125
Piaggio,Liberty 125…,2026,2200,1495,124
Benelli,BN 125,2026,2300,9,125
Lexmoto,RX1 125…,2026,2300,4125,124
Smarda,701 Pro…,2026,2600,290,
Lexmoto,XDV 125…,2026,2600,250,125
Husqvarna,Vitpilen 125…,2026,2750,1237,125
BSA,Bantam 350…,2026,2995,395,334
Suzuki,GSX-R125…,2026,3100,590,124
Royal Enfield,Goan Class… 350,2026,3795,100,349
Aprilia,RS 125,2026,4000,4,124
Honda,CB125R…,2026,4200,365,125
Yamaha,XSR125…,2026,4200,550,124
Royal Enfield,Guerrilla 45…,2026,4250,180,451
Zontes,ZT368T-G…,2026,4350,592,368
Benda Moto,CHINCHILL… 500,2026,4400,1450,476
Suzuki,DR-Z400…,2026,4495,5900,398
Voge,DS525X,2026,4500,998,494
GPX Moto,FSE450R…,2026,4950,115,449
Kawasaki,Eliminator… 500,2026,4950,1475,451
KTM,390 SMC R…,2026,5000,950,399
Suzuki,Burgman 4…,2026,5500,216,400
Honda,ADV 350…,2026,5555,150,330
CFMOTO,450MT…,2026,5695,2446,449
Royal Enfield,Super Mete… 650,2026,5695,265,648
Royal Enfield,Super Mete… 650,2026,5995,60,648
Voge,DS800X Rally…,2026,6450,900,798
Honda,CB650R…,2026,6995,580,649
Kawasaki,Z900…,2026,6999,570,948
CCM,Spitfire Bobber…,2026,7550,1,
Beta,RR 2T 300…,2026,7700,10,293
Triumph,Speed Twin… 900,2026,8195,395,900
Aprilia,RS 660,2026,8495,2588,659
CCM,Spitfire Cafe Racer…,2026,8500,1,600
Yamaha,Tenere 700…,2026,8750,750,689
Triumph,Scrambler… 900,2026,8750,1055,900
Yamaha,Tenere 700…,2026,9000,970,689
Moto Guzzi,V85…,2026,9200,680,853
Ducati,Hypermota… 698,2026,9250,3100,659
Yamaha,MT-09…,2026,10200,664,890
Triumph,Tiger Sport 800…,2026,11250,1900,798
Kawasaki,Z900 RS SE…,2026,11295,1926,948
Husqvarna,701 Enduro…,2026,11500,700,692
BMW,R 18 Roctane…,2026,11995,800,
Kawasaki,Ninja 1100 S…,2026,12495,1300,
Triumph,Speed Tripl… 1200,2026,15295,1850,
Triumph,Speed Twin… 1200,2026,16975,610,
Ducati,Hypermota… V2,2026,19495,584,890
BMW,R 1300 GS Adventu…,2026,20749,499,
Harley-Davidson,Touring,2026,22000,766,
Harley-Davidson,CVO,2026,26900,600,
MGB,Fantasy 125…,2025,975,4254,125
Teyin,TY 50 QT-29E…,2025,1200,150,50
Direct Bikes,LJ 50 QT-8L…,2025,1200,570,50
Horwin,SK3,2025,1250,204,
Lexmoto,Michigan 12…,2025,1400,8100,125
Yamasaki,F30,2025,1400,3992,49
Yamasaki,YM 50-10…,2025,1400,2565,49
Yamasaki,TY 50 Q-2E…,2025,1500,2674,50
Horwin,EK3,2025,1500,159,
Mutt,DRK-01 125…,2025,1500,5500,125
Thumpstar,Road Rippe… 125,2025,1500,440,
AJS,Barletta 50…,2025,1575,1422,50
AJS,Tempest Roadster…,2025,1600,3983,124
Yamasaki,TY 50 Q-2E…,2025,1650,75,50
NIU,NQi GTS Standard… Range,2025,1675,497,
AJS,Bilston 125…,2025,1700,774,124
Honda,Vision 110…,2025,1875,1250,109
Zontes,ZT125-Z2…,2025,1975,700,125
Yamasaki,YM 50-10…,2025,1999,82,49
Zontes,ZT125-Z2…,2025,1999,220,125
Honda,CB125F…,2025,2000,90,124
Keeway,Superlight 1…,2025,2000,1232,124
Benelli,BN 125,2025,2000,417,125
Keeway,RKV 125 C…,2025,2000,2400,125
Piaggio,Liberty 125…,2025,2000,1,124
Mutt,Stravaig 125…,2025,2075,750,124
Benelli,BN 125,2025,2100,34,125
Morbidelli,F125…,2025,2222,45,125
CFMOTO,300NK…,2025,2255,647,292
Benelli,BN 125,2025,2300,146,125
Kawasaki,Z125…,2025,2300,2300,125
Keeway,RKV 125 C…,2025,2300,2400,125
Zontes,ZT125-Z2…,2025,2400,1500,125
Mutt,Mushman 1…,2025,2500,200,125
Honda,PCX125…,2025,2400,9000,
Honda,CB125F…,2025,2400,1453,124
Mutt,DRK-01 125…,2025,2495,150,124
Yamasaki,YM 50-10…,2025,2500,36,49
Aprilia,SR GT 125…,2025,2500,600,125
Keeway,RKV 125 C…,2025,2500,2600,125
Voge,R 125,2025,2500,570,125
Rieju,MRT 50 SM…,2025,2575,1375,50
Zontes,ZT125-U1…,2025,2595,1747,125
KTM,RC 125,2025,2800,12015,124
KTM,125 Duke,2025,2800,4500,124
Zontes,ZT125-C…,2025,2800,800,124
Honda,GB350S…,2025,2850,2750,348
Rieju,MRT 50 SM…,2025,2950,504,50
Honda,GB350S…,2025,2995,3485,348
Yamaha,NMAX 125…,2025,3000,5006,125
Honda,Super Cub C125…,2025,3250,1250,124
BMW,G 310 R,2025,3250,1805,313
Royal Enfield,Himalayan…,2025,3450,1050,411
Yamaha,NMAX 125…,2025,3475,4900,125
Yamaha,NMAX 125…,2025,3495,410,125
Beta,RR 4T 125…,2025,3500,67,
Husqvarna,Svartpilen 1…,2025,3650,5000,125
Beta,RR 4T 125…,2025,3650,2200,125
KTM,125 Duke,2025,3750,6293,124
Yamaha,XSR125…,2025,3800,1918,124
Honda,CB125R…,2025,3900,1700,125
Aprilia,RS 125,2025,3900,1580,124
KTM,125 Duke,2025,3995,800,125
GPX Moto,FSE450R…,2025,4000,50,449
Kawasaki,Z7 Hybrid…,2025,4000,370,451
KTM,125 Duke,2025,4125,980,124
Yamaha,XSR125…,2025,4195,800,124
Yamaha,R125,2025,4200,1500,125
Yamaha,R125,2025,4200,3347,125
Triumph,Speed 400…,2025,4395,294,398
Honda,CRF300L…,2025,4495,516,286
Honda,CB750 Hornet…,2025,4500,22000,755
Voge,DS625X,2025,4700,5200,581
Honda,ADV 350…,2025,4700,1400,330
Triumph,Scrambler… 400 X,2025,4750,626,398
Yamaha,R125,2025,4750,2700,125
Triumph,Scrambler… 400 X,2025,4795,2000,398
Aprilia,RS 457,2025,4800,64,457
Honda,ADV 350…,2025,4850,3618,330
Yamaha,R125,2025,4850,2244,125
Triumph,Speed 400…,2025,4895,1421,398
Aprilia,RS 125,2025,4900,872,124
Royal Enfield,Shotgun 65…,2025,4990,1200,648
Voge,DS625X,2025,4999,2677,581
Honda,CB500 Hornet…,2025,4999,1200,471
Maeving,RM1S…,2025,5000,549,
Suzuki,Burgman 4…,2025,5000,1010,400
Honda,CB500 Hornet…,2025,5195,1730,471
Honda,CRF300L…,2025,5200,405,286
Kawasaki,Ninja 650…,2025,5399,2062,649
Yamaha,MT-07…,2025,5995,3200,689
BMW,C 400 GT…,2025,5995,2367,350
Triumph,Daytona 66…,2025,6000,5018,
KTM,390 Adventure…,2025,6100,3100,399
Honda,CB750 Hornet…,2025,6200,1220,
Honda,CB650R…,2025,6300,1247,649
Yamaha,XSR700…,2025,6500,2952,689
Honda,NC750X…,2025,6500,3800,
Honda,CB650R…,2025,6600,2022,650
Stark,Varg MX…,2025,6900,120,
BMW,C 400 GT…,2025,6995,350,350
Triumph,Tiger Sport 660…,2025,6995,1930,660
Triumph,Trident 660…,2025,6995,550,660
Honda,CB1000… Hornet,2025,7395,3000,
Honda,CB1000… Hornet,2025,7495,1924,
Voge,DS900X,2025,7500,705,895
Honda,CB1000… Hornet,2025,7500,6250,
Aprilia,Tuono 660…,2025,7550,600,659
Moto Guzzi,V7…,2025,7950,3948,853
Honda,XL750 Transalp…,2025,7950,1500,755
Honda,CB1000… Hornet,2025,8000,3316,
Honda,CBR600RR…,2025,8250,3900,599
Honda,CBR600RR…,2025,8895,1600,599
Kawasaki,Ninja ZX-6R…,2025,8900,2230,636
Husqvarna,FE 501…,2025,8995,323,510
Triumph,Bonneville… T100,2025,8995,916,900
BMW,F 900 XR…,2025,8995,2316,895
Yamaha,MT-09…,2025,9100,270,890
Suzuki,GSX-S1000GX…,2025,9400,2400,999
Ducati,Hypermota… 698,2025,9500,1270,659
Triumph,Tiger 900…,2025,9750,2200,888
Kawasaki,Z900 RS…,2025,9750,1600,948
Honda,NT1100,2025,9750,5035,
Triumph,Tiger Sport 800…,2025,9750,1890,798
Triumph,Tiger 900…,2025,9950,3800,888
Kawasaki,Ninja 1100 S…,2025,9950,4600,
Triumph,Street Tripl… 765,2025,10000,1150,765
Triumph,Scrambler… 1200,2025,10000,3300,
Suzuki,GSX-S1000GX+…,2025,10200,2611,999
Husqvarna,Norden 901… Expedition,2025,10245,3173,889
Norton,Commando… 961,2025,10250,1250,961
Ducati,Monster 93…,2025,10250,1746,937
BMW,F 900 GS…,2025,10500,1380,895
BMW,F 900 GS…,2025,10500,1116,
Kawasaki,Ninja 1100 S…,2025,10500,2505,
Triumph,Tiger 900…,2025,11000,1500,888
Triumph,Speed Twin… 1200,2025,11250,800,
Yamaha,R9,2025,11250,530,890
Triumph,Speed Tripl… 1200,2025,11999,680,
Triumph,Tiger 900…,2025,12000,1929,888
BMW,S 1000 R,2025,12450,472,999
Honda,CRF1100L… Africa Twin Adventure Sports,2025,12499,4507,
Triumph,Speed Tripl… 1200,2025,12950,8200,
BMW,R 12 nineT…,2025,12995,895,
Triumph,Speed Tripl… 1200,2025,13250,4808,
BMW,F 900 GS Adventu…,2025,13999,850,
Harley-Davidson,Softail,2025,14250,1650,
Ducati,Panigale V…,2025,15000,1020,
BMW,R 1300 RS…,2025,15000,611,
BMW,R 1300 RS…,2025,15500,3000,
BMW,S 1000 RR…,2025,15650,1600,999
BMW,S 1000 RR…,2025,15950,1720,999
BMW,R 1300 GS…,2025,16950,4008,
BMW,K 1600 GTL…,2025,16995,990,
BMW,R 1300 GS Adventu…,2025,17900,1900,
BMW,S 1000 XR…,2025,17950,1959,
BMW,R 1300 GS Adventu…,2025,17995,6800,
BMW,M 1000 XR…,2025,18000,2031,999
BMW,R 1300 GS Adventu…,2025,18495,6798,
MV Agusta,750…,2025,19995,101,749
Harley-Davidson,Touring,2025,21990,3250,
Ducati,Multistrad… V4,2025,23995,2933,
Ducati,Multistrad… V4,2025,25850,5300,
Yamaha,R1M,2025,25999,899,998
Ducati,Panigale V…,2025,25999,400,
Harley-Davidson,Softail,2025,29000,939,
Piaggio,Liberty 50…,2024,850,4247,49
Yamasaki,F30,2024,950,2449,49
SYM,Mask 50,2024,1025,4200,49
Lexmoto,Cypher…,2024,1095,3250,
AJS,Barletta 50…,2024,1195,2470,50
Lexmoto,ZSB 125…,2024,1200,1660,125
Peugeot,Streetzone…,2024,1200,6600,50
Yamasaki,Yamimoto… Joker 2,2024,1200,1314,50
Yamasaki,F30,2024,1200,3900,49
Keeway,Superlight 1…,2024,1250,3560,124
Lexmoto,ZSB 125…,2024,1250,2600,125
Jiajue,JJ 50 QT-21 Bella…,2024,1350,8,50
Neco,Dinno 125…,2024,1450,2000,125
Peugeot,Tweet 125…,2024,1495,3944,125
Mutt,FSR 125,2024,1500,3600,125
FB Mondial,SMX Endur…,2024,1550,2375,124
Lexmoto,LXR 125…,2024,1599,3717,124
Benelli,BN 125,2024,1600,6976,125
Keeway,RKF 125…,2024,1650,3751,124
Lexmoto,Tempest 12…,2024,1700,814,125
AJS,Barletta 125…,2024,1700,392,125
Bluroc,Motorcycle… Hero 50,2024,1700,540,50
Vmoto,TC Wanderer…,2024,1750,1200,
Aprilia,SXR 50,2024,1750,2450,49
Mutt,Razorback… 125,2024,1750,12000,124
Honda,CB125F…,2024,1800,11000,124
Herald Motor Co,Scrambl… 125,2024,1800,682,124
Benelli,BN 125,2024,1800,661,125
Suzuki,Avenis 125…,2024,1900,17000,124
AJS,Cadwell 125…,2024,1999,110,124
Lexmoto,LXR 125…,2024,2000,1958,124
Benelli,BN 125,2024,2000,2280,125
Honda,CB125F…,2024,2000,8500,124
Voge,R 125,2024,2050,800,124
Royal Alloy,GP 125…,2024,2100,733,124
Kawasaki,Z125…,2024,2100,2996,125
Honda,CB125F…,2024,2200,2736,124
Honda,CB125F…,2024,2300,4733,124
Honda,CB125F…,2024,2400,2936,124
Royal Alloy,GP 125…,2024,2400,780,124
Voge,Rally 300…,2024,2495,170,292
Segway,E300SE…,2024,2495,1986,
Piaggio,Vespa Spri… S 125,2024,2500,429,124
Lexmoto,XDV 300…,2024,2500,600,279
Peugeot,PM-01 125…,2024,2500,1850,125
Royal Alloy,TG 125…,2024,2500,2510,124
Yamaha,DT125…,2024,2500,11720,124
Honda,CB125F…,2024,2600,3912,124
Honda,CB125F…,2024,2650,190,124
Zontes,ZT125-GK…,2024,2650,5407,125
KTM,RC 125,2024,2700,2430,124
Honda,MSX125…,2024,2700,6000,124
Keeway,RKV 125 C…,2024,2800,906,125
Lambretta,V125 Specia…,2024,2800,1750,124
Honda,CB125F…,2024,2800,1853,124
Lambretta,V125 Specia…,2024,2850,1280,124
Honda,DAX 125…,2024,2850,130,124
Royal Enfield,Meteor 350…,2024,2850,450,349
Royal Enfield,Hunter 350…,2024,2995,418,349
BMW,G 310 R,2024,2999,3400,313
Yamaha,XSR125…,2024,3000,14500,124
KTM,125 Duke,2024,3000,2889,124
Royal Enfield,Hunter 350…,2024,3000,822,349
Suzuki,GSX-R125…,2024,3000,925,124
Triumph,Speed 400…,2024,3050,19500,398
Kawasaki,Z125…,2024,3200,1667,125
Royal Enfield,Himalayan…,2024,3200,1650,411
KTM,390 Duke,2024,3250,3591,373
Kawasaki,Z125…,2024,3300,1551,125
Honda,CB125R…,2024,3400,11630,125
Yamaha,XSR125…,2024,3400,6442,124
Yamaha,MT-03…,2024,3450,1064,321
Yamaha,MT-125…,2024,3495,3650,
Honda,Monkey…,2024,3495,1160,124
Royal Enfield,Himalayan…,2024,3495,1176,411
Benelli,752 S,2024,3499,6245,754
KTM,390 Adventure…,2024,3500,840,373
Suzuki,GSX-S125…,2024,3500,875,124
BMW,G 310 R,2024,3500,2379,313
Triumph,Speed 400…,2024,3500,9910,398
Triumph,Speed 400…,2024,3600,10900,398
Suzuki,GSX-R125…,2024,3600,170,124
Honda,CB125R…,2024,3650,4800,125
GPX Moto,TSE250R…,2024,3650,840,224
Suzuki,GSX-S125…,2024,3650,10,124
Triumph,Speed 400…,2024,3650,7000,398
Husqvarna,Svartpilen… 401,2024,3695,500,375
KTM,390 Duke,2024,3700,400,
Royal Enfield,Interceptor… 650,2024,3700,1199,648
Royal Enfield,Himalayan…,2024,3700,1557,411
Kawasaki,Eliminator… 500,2024,3750,9370,451
Honda,CL500,2024,3750,4000,471
Kawasaki,Z125…,2024,3750,1330,125
Yamaha,R125,2024,3750,10500,125
Yamaha,MT-125…,2024,3750,8000,125
Suzuki,SV650,2024,3800,16000,645
KTM,125 Duke,2024,3800,1431,124
Kawasaki,Z125…,2024,3800,3091,125
Honda,CB300R…,2024,3850,5300,286
Honda,Forza 125…,2024,3895,1400,125
Royal Enfield,Interceptor… 650,2024,3990,850,648
Royal Enfield,Himalayan… 450,2024,3995,12320,
BMW,G 310 R,2024,3995,592,313
Honda,CB125R…,2024,3995,350,125
KTM,390 Adventure…,2024,4000,2300,373
Honda,CB125R…,2024,4000,618,125
Kawasaki,Eliminator… 500,2024,4000,4852,451
Kawasaki,Ninja 125… Ninja 125…,2024,4000,1114,125
Honda,CB125R…,2024,4000,2277,125
Kawasaki,Ninja 500… Ninja 500…,2024,4150,1800,451
Triumph,Scrambler… 400 X,2024,4200,2600,398
Honda,CMX500… Rebel,2024,4200,4507,471
Kawasaki,Ninja 400…,2024,4200,6500,399
BSA,Gold Star,2024,4250,2000,652
Honda,Forza 125…,2024,4250,100,125
Triumph,Speed 400…,2024,4250,3262,398
Honda,CRF300L…,2024,4250,286,286
Honda,CL500,2024,4300,1547,471
Royal Enfield,Interceptor… 650,2024,4400,5900,648
Honda,CBR500R…,2024,4400,4794,471
Royal Enfield,Himalayan… 450,2024,4450,12925,452
Royal Enfield,Shotgun 65…,2024,4495,6307,648
Moto Morini,Calibro 700…,2024,4500,900,693
Kawasaki,Ninja 650…,2024,4500,7500,649
Suzuki,V-Strom 650…,2024,4550,9500,645
Royal Enfield,Continenta… GT 650,2024,4600,1600,648
Maeving,RM1S…,2024,4800,998,
Kawasaki,Z650…,2024,4800,5000,649
Kawasaki,Versys 650…,2024,4900,9080,649
Royal Enfield,Super Mete… 650,2024,4999,3763,648
Piaggio,MP3 300…,2024,5000,798,278
Honda,CBR500R…,2024,5200,2250,471
Maeving,RM1S…,2024,5250,350,
Vmoto,Stash,2024,5250,2058,
Suzuki,SV650X…,2024,5350,2100,645
Honda,NC750X…,2024,5400,9000,745
CFMOTO,800NK…,2024,5400,1277,799
Benelli,TRK 702 X…,2024,5500,58,698
Honda,CB650R…,2024,5500,14020,649
KTM,790 Duke,2024,5500,3200,799
Suzuki,SV650,2024,5500,1383,645
Honda,NX500,2024,5599,5750,471
Triumph,Trident 660…,2024,5750,4775,660
Maeving,RM1S…,2024,5800,168,
Triumph,Daytona 66…,2024,5850,45,660
Yamaha,MT-07…,2024,5900,4300,689
Triumph,Street Tripl… 765,2024,6000,8057,765
Maeving,RM1S…,2024,6000,66,
Yamaha,R7,2024,6200,15232,689
Suzuki,V-Strom 650…,2024,6300,1250,645
Yamaha,Tricity 300…,2024,6500,197,292
Honda,CBR650R…,2024,6500,2411,649
Honda,CRF450RX…,2024,6500,800,
Triumph,Street Tripl… 765,2024,6750,42,765
Triumph,Speed Twin… 900,2024,6750,2455,900
Ducati,Hypermota… 698,2024,6750,3643,659
Kawasaki,Ninja ZX-4R…,2024,6800,3771,399
Honda,CBR650R…,2024,6800,1800,649
BMW,F 900 R,2024,6895,5032,895
Husqvarna,FE 250…,2024,6899,276,249
Kawasaki,Z900…,2024,6950,1500,948
Yamaha,R7,2024,6999,501,689
Honda,CBR650R…,2024,7000,8000,649
Yamaha,MT-09…,2024,7000,1580,889
Yamaha,MT-09…,2024,7000,8500,890
Triumph,Speed Twin… 900,2024,7195,3207,900
Honda,CBR600RR…,2024,7570,4670,599
Ducati,Scrambler… 800,2024,7600,2500,803
Triumph,Tiger Sport 850…,2024,7650,3562,888
Triumph,Scrambler… 900,2024,7750,2450,900
Honda,XL750 Transalp…,2024,7795,10278,755
Honda,CBR600RR…,2024,7800,5700,599
Triumph,Street Tripl… 765,2024,7800,1066,765
Indian,FTR,2024,7950,1500,
Honda,Forza 750…,2024,7995,3441,745
Ducati,Monster 93…,2024,7995,300,937
Husqvarna,701… Supermoto,2024,7995,7534,692
Yamaha,Tenere 700…,2024,7995,12726,689
Yamaha,MT-09…,2024,8250,10500,889
Aprilia,RS 660,2024,8250,2500,659
Yamaha,Tenere 700…,2024,8250,10000,689
Triumph,Scrambler… 1200,2024,8395,2582,
Ducati,Monster 93…,2024,8450,2084,937
Kawasaki,Ninja 1000S…,2024,8495,8139,
BMW,F 800 GS…,2024,8500,5270,895
Kawasaki,Ninja 1000S…,2024,8500,6200,
Yamaha,Tenere 700…,2024,8500,8000,689
Yamaha,MT-09…,2024,8500,1400,890
Triumph,Scrambler… 1200,2024,8750,4000,
Triumph,Speed Twin… 1200,2024,8750,3330,
Kawasaki,Ninja 1000S…,2024,8950,5900,
Suzuki,GSX-S1000GX…,2024,8950,1200,999
BMW,R 1250… RS…,2024,8995,29039,
Yamaha,MT-… 09…,2024,8995,2350,890
Triumph,Street Tripl… 765,2024,8995,1436,765
Triumph,Street Tripl… 765,2024,8999,5760,
Triumph,Tiger 900…,2024,9150,4200,888
Kawasaki,Ninja ZX-6R…,2024,9200,3100,636
Honda,NT1100,2024,9295,11000,
Ducati,Monster 93…,2024,9350,1583,937
Honda,XL750 Transalp…,2024,9395,28,755
Yamaha,TRACER 9 G…,2024,9500,11128,890
BMW,R 12 nineT…,2024,9550,4000,
Norton,Commando… 961,2024,9750,2966,961
Honda,CBR600RR…,2024,9800,4063,599
Honda,NT1100,2024,9850,5300,
Ducati,Monster 93…,2024,9995,420,937
Harley-Davidson,Sportster,2024,9999,2772,
Triumph,Bonneville… T120,2024,10000,2500,
BMW,R 1250 R,2024,10000,4500,
Triumph,Tiger 900…,2024,10200,1375,888
Triumph,Tiger 900…,2024,10250,2567,888
Harley-Davidson,Sportster,2024,10500,5300,
Triumph,Scrambler… 1200,2024,10600,3500,
Triumph,Tiger 1200…,2024,10750,3500,
BMW,R 1250 R,2024,11000,3900,
Yamaha,TRACER 9 G…,2024,11250,2000,890
Harley-Davidson,P… America,2024,11495,1400,
Triumph,Bobber…,2024,11500,1330,
BMW,R 1250 RS…,2024,11550,4800,
Harley-Davidson,Softail,2024,11595,944,
BMW,F 900 XR…,2024,11600,7500,895
Kawasaki,Z H2…,2024,11995,2850,998
Triumph,Tiger 1200…,2024,11995,4168,
BMW,R 1250 RS…,2024,12250,7400,
Kawasaki,Ninja H2 SX…,2024,12475,1995,998
Triumph,Tiger 1200…,2024,13000,750,
Suzuki,GSX1300R… Hayabusa,2024,13500,4564,
Harley-Davidson,Softail,2024,13950,29,
KTM,1290 Super… Adventure S,2024,14250,1897,
BMW,R 1300 GS…,2024,14495,10979,
BMW,R 1250 GS Adventu…,2024,14500,6300,
Ducati,Multistrad… V4,2024,14650,7995,
KTM,890 Adventure…,2024,14750,1291,889
KTM,1390 Super Duke…,2024,14750,2765,
Triumph,Rocket III…,2024,15000,2359,
Ducati,Multistrad… V4,2024,15850,3730,
BMW,R 1300 GS…,2024,15950,11800,
Harley-Davidson,Softail,2024,15995,11646,
Harley-Davidson,Softail,2024,16950,5056,
BMW,M 1000 XR…,2024,17295,1910,999
BMW,R 1300 GS Adventu…,2024,17500,10012,
BMW,M 1000 XR…,2024,17995,4200,999
BMW,S 1000 RR…,2024,17999,835,999
BMW,M 1000 XR…,2024,18000,4100,999
Harley-Davidson,Softail,2024,18499,1400,
Ducati,Multistrad… V4,2024,19500,3461,
Yamaha,R1M,2024,27500,1100,998
Harley-Davidson,Touring,2024,21395,9000,
Ducati,Panigale V…,2024,23000,3400,
Ducati,Multistrad… V4,2024,27500,6524,
Harley-Davidson,CVO,2024,27950,7200,
Harley-Davidson,CVO,2024,29200,6600,
Ducati,Diavel,2024,42000,150,
Ducati,Panigale V… SP2,2024,44995,709,
Ducati,Panigale V… SP2,2024,51000,300,
Neco,Dinno 50…,2023,900,3600,50
WK Bikes,Scrambler…,2023,1050,3950,49
Lexmoto,Echo+ 50…,2023,1099,650,49
Lexmoto,ZSB 125…,2023,1200,1483,125
Vmoto,TC,2023,1200,1206,50
Sakura,JS2A,2023,1250,580,
Piaggio,Liberty 50…,2023,1295,517,49
Honda,Vision 110…,2023,1300,3959,109
Lexmoto,LX06…,2023,1400,1000,
Herald Motor Co,Maveric… 250,2023,1450,1800,249
Sinnis,Connect 12…,2023,1495,3300,125
Aprilia,SXR 50,2023,1500,5413,49
