dealer,brand,name,price,year,url
webbs,BMW,BMW F 900 XR TE,6699,,https://webbsmotorcycles.co.uk/bmw-f-900-xr-te-20123-2088/
webbs,BMW,BMW G 310 GS,3799,,https://webbsmotorcycles.co.uk/bmw-g-310-gs-20123-2129/
webbs,BMW,BMW K 1600 GT SPORT,12499,,https://webbsmotorcycles.co.uk/bmw-k-1600-gt-sport-20123-2108/
webbs,BMW,BMW R 1200 R EXCLUSIVE,6499,,https://webbsmotorcycles.co.uk/bmw-r-1200-r-exclusive-13040-2324/
webbs,BMW,BMW R 1200 RS,6999,,https://webbsmotorcycles.co.uk/bmw-r-1200-rs-13040-2321/
webbs,BMW,BMW R 1250 RT LE,13499,,https://webbsmotorcycles.co.uk/bmw-r-1250-rt-le-13040-2335/
webbs,BMW,BMW R 1300 RS SE,15499,,https://webbsmotorcycles.co.uk/bmw-r-1300-rs-se-13040-2336/
webbs,BMW,BMW R NINET RACER,6999,,https://webbsmotorcycles.co.uk/bmw-r-ninet-racer-20123-2186/
webbs,BMW,BMW R12 nineT,10999,,https://webbsmotorcycles.co.uk/bmw-r12-ninet-13040-2232/
webbs,Harley Davidson,HARLEY-DAVIDSON NIGHTSTER,7499,,https://webbsmotorcycles.co.uk/harley-davidson-nightster-13040-2281/
webbs,Honda,HONDA CB 1000 RA-K,6499,,https://webbsmotorcycles.co.uk/honda-cb-1000-ra-k-20123-2134/
webbs,Honda,HONDA CB 750 A-P,5999,,https://webbsmotorcycles.co.uk/honda-cb-750-a-p-13040-2152/
webbs,Honda,HONDA CRF 250 LA-K,4499,,https://webbsmotorcycles.co.uk/honda-crf-250-la-k-20123-2190/
webbs,Honda,HONDA HORNET CB 750 A-P,5599,,https://webbsmotorcycles.co.uk/honda-hornet-cb-750-a-p-13040-2297/
webbs,Honda,HONDA NC 750 XA-P,6499,,https://webbsmotorcycles.co.uk/honda-nc-750-xa-p-13040-2292/
webbs,Honda,HONDA REBEL 1100 TOUR,8499,,https://webbsmotorcycles.co.uk/honda-rebel-1100-tour-13040-2220/
webbs,Honda,HONDA VFR 800 X CROSSRUNNER,6499,,https://webbsmotorcycles.co.uk/honda-vfr-800-x-crossrunner-20123-2028/
webbs,KTM,KTM 1290 SUPERDUKE R 22,9999,,https://webbsmotorcycles.co.uk/ktm-1290-superduke-r-22-20123-2180/
webbs,Moto Guzzi,MOTO GUZZI V7 IV STONE,6499,,https://webbsmotorcycles.co.uk/moto-guzzi-v7-iv-stone-20123-2126/
webbs,Moto Guzzi,MOTO GUZZI V85 TT EVOCATIVE,7999,,https://webbsmotorcycles.co.uk/moto-guzzi-v85-tt-evocative-20123-2160/
webbs,Royal Enfield,ROYAL ENFIELD CONTINENTAL GT 650,4499,,https://webbsmotorcycles.co.uk/royal-enfield-continental-gt-650-13040-2247/
webbs,Royal Enfield,ROYAL ENFIELD HIMALAYAN 411,3299,,https://webbsmotorcycles.co.uk/royal-enfield-himalayan-411-20123-1840/
webbs,Royal Enfield,ROYAL ENFIELD INTERCEPTOR INT 650 E5,3999,,https://webbsmotorcycles.co.uk/royal-enfield-interceptor-int-650-e5-13040-2301/
webbs,Suzuki,SUZUKI GSX-S1000GT+ M4,9799,,https://webbsmotorcycles.co.uk/suzuki-gsx-s1000gt-m4-20123-2096/
webbs,Triumph,TIGER 1200 DESERT EDITION,15995,,https://webbsmotorcycles.co.uk/tiger-1200-desert-edition-20123-2068/
webbs,Triumph,TRIUMPH BOBBER,14295,,https://webbsmotorcycles.co.uk/triumph-bobber-20123-2025/
webbs,Triumph,TRIUMPH BONNEVILLE SPEEDMASTER 1200,10299,,https://webbsmotorcycles.co.uk/triumph-bonneville-speedmaster-1200-13040-2221/
webbs,Triumph,TRIUMPH BONNEVILLE T100,10195,,https://webbsmotorcycles.co.uk/triumph-bonneville-t100-20123-2078/
webbs,Triumph,TRIUMPH DAYTONA 660,6499,,https://webbsmotorcycles.co.uk/triumph-daytona-660-13040-2277/
webbs,Triumph,TRIUMPH DAYTONA 660,8395,,https://webbsmotorcycles.co.uk/triumph-daytona-660-20123-2016/
webbs,Triumph,TRIUMPH DAYTONA 660,8995,,https://webbsmotorcycles.co.uk/triumph-daytona-660-13040-2309/
webbs,Triumph,TRIUMPH DAYTONA 660,8995,,https://webbsmotorcycles.co.uk/triumph-daytona-660-13040-2188/
webbs,Triumph,TRIUMPH ROCKET 3 GT,14999,,https://webbsmotorcycles.co.uk/triumph-rocket-3-gt-20123-2162/
webbs,Triumph,TRIUMPH ROCKET 3 R STORM,23895,,https://webbsmotorcycles.co.uk/triumph-rocket-3-r-storm-20123-1954/
webbs,Triumph,TRIUMPH ROCKET 3 STORM R,23895,,https://webbsmotorcycles.co.uk/triumph-rocket-3-storm-r-13040-2062/
webbs,Triumph,TRIUMPH SCRAMBLER 1200 X,11895,,https://webbsmotorcycles.co.uk/triumph-scrambler-1200-x-13040-2311/
webbs,Triumph,TRIUMPH SCRAMBLER 1200 X,12145,,https://webbsmotorcycles.co.uk/triumph-scrambler-1200-x-13040-2243/
webbs,Triumph,TRIUMPH SCRAMBLER 1200 X,12145,,https://webbsmotorcycles.co.uk/triumph-scrambler-1200-x-20123-1998/
webbs,Triumph,TRIUMPH SCRAMBLER 1200 XE,10499,,https://webbsmotorcycles.co.uk/triumph-scrambler-1200-xe-20123-2133/
webbs,Triumph,TRIUMPH SCRAMBLER 400 XC,6545,,https://webbsmotorcycles.co.uk/triumph-scrambler-400-xc-13040-2240/
webbs,Triumph,TRIUMPH SCRAMBLER 400 XC,6645,,https://webbsmotorcycles.co.uk/triumph-scrambler-400-xc-20123-1818/
webbs,Triumph,TRIUMPH SCRAMBLER 900,8499,,https://webbsmotorcycles.co.uk/triumph-scrambler-900-13040-2295/
webbs,Triumph,TRIUMPH SPEED TRIPLE 1050 94 R,6799,,https://webbsmotorcycles.co.uk/triumph-speed-triple-1050-94-r-13040-2086/
webbs,Triumph,TRIUMPH SPEED TRIPLE 1200 RS,9999,,https://webbsmotorcycles.co.uk/triumph-speed-triple-1200-rs-20123-1611/
webbs,Triumph,TRIUMPH SPEED TRIPLE 1200 RS,13999,,https://webbsmotorcycles.co.uk/triumph-speed-triple-1200-rs-20123-1958/
webbs,Triumph,TRIUMPH SPEED TRIPLE 1200 RS,13799,,https://webbsmotorcycles.co.uk/triumph-speed-triple-1200-rs-20123-2149/
webbs,Triumph,TRIUMPH SPEED TWIN 1200,12795,,https://webbsmotorcycles.co.uk/triumph-speed-twin-1200-13040-2265/
webbs,Triumph,TRIUMPH SPEED TWIN 1200 RS,14795,,https://webbsmotorcycles.co.uk/triumph-speed-twin-1200-rs-13040-2273/
webbs,Triumph,TRIUMPH SPEED TWIN 1200 RS,14795,,https://webbsmotorcycles.co.uk/triumph-speed-twin-1200-rs-13040-2268/
webbs,Triumph,TRIUMPH SPEED TWIN 1200 RS,12499,,https://webbsmotorcycles.co.uk/triumph-speed-twin-1200-rs-13040-2246/
webbs,Triumph,TRIUMPH SPEED TWIN 900,9495,,https://webbsmotorcycles.co.uk/triumph-speed-twin-900-13040-2198/
webbs,Triumph,TRIUMPH SPEED TWIN 900,6999,,https://webbsmotorcycles.co.uk/triumph-speed-twin-900-20123-2058/
webbs,Triumph,TRIUMPH SPEEDMASTER 1200,11995,,https://webbsmotorcycles.co.uk/triumph-speedmaster-1200-20123-1956/
webbs,Triumph,TRIUMPH SPEEDMASTER 1200,13795,,https://webbsmotorcycles.co.uk/triumph-speedmaster-1200-20123-1868/
webbs,Triumph,TRIUMPH SPEEDMASTER 1200,13795,,https://webbsmotorcycles.co.uk/triumph-speedmaster-1200-20123-2039/
webbs,Triumph,TRIUMPH SPEEDMASTER 1200,13795,,https://webbsmotorcycles.co.uk/triumph-speedmaster-1200-20123-2000/
webbs,Triumph,TRIUMPH SPEEDMASTER 1200,12995,,https://webbsmotorcycles.co.uk/triumph-speedmaster-1200-20123-1909/
webbs,Triumph,TRIUMPH STREET TRIPLE 765 RS,9999,,https://webbsmotorcycles.co.uk/triumph-street-triple-765-rs-20123-2173/
webbs,Triumph,TRIUMPH STREET TRIPLE 765 RS,11495,,https://webbsmotorcycles.co.uk/triumph-street-triple-765-rs-20123-1926/
webbs,Triumph,TRIUMPH STREET TRIPLE 765 RX,11895,,https://webbsmotorcycles.co.uk/triumph-street-triple-765-rx-13040-2187/
webbs,Triumph,TRIUMPH STREET TRIPLE 765 RX,11995,,https://webbsmotorcycles.co.uk/triumph-street-triple-765-rx-20123-1970/
webbs,Triumph,TRIUMPH STREET TRIPLE R,7799,,https://webbsmotorcycles.co.uk/triumph-street-triple-r-13040-2257/
webbs,Triumph,TRIUMPH STREET TRIPLE R,7999,,https://webbsmotorcycles.co.uk/triumph-street-triple-r-13040-2280/
webbs,Triumph,TRIUMPH STREET TRIPLE R,8499,,https://webbsmotorcycles.co.uk/triumph-street-triple-r-20123-2086/
webbs,Triumph,TRIUMPH STREET TRIPLE RS,10495,,https://webbsmotorcycles.co.uk/triumph-street-triple-rs-20123-1867/
webbs,Triumph,TRIUMPH THRUXTON 400,6095,,https://webbsmotorcycles.co.uk/triumph-thruxton-400-13040-2134/
webbs,Triumph,TRIUMPH THRUXTON 400,5995,,https://webbsmotorcycles.co.uk/triumph-thruxton-400-20123-2001/
webbs,Triumph,TRIUMPH TIGER 1200 DESERT,15995,,https://webbsmotorcycles.co.uk/triumph-tiger-1200-desert-13040-1991/
webbs,Triumph,TRIUMPH TIGER 1200 DESERT,15995,,https://webbsmotorcycles.co.uk/triumph-tiger-1200-desert-13040-1984/
webbs,Triumph,TRIUMPH TIGER 1200 GT PRO,11499,,https://webbsmotorcycles.co.uk/triumph-tiger-1200-gt-pro-20123-2005/
webbs,Triumph,TRIUMPH TIGER 1200 RALLY EXPLORER,12499,,https://webbsmotorcycles.co.uk/triumph-tiger-1200-rally-explorer-13040-1829/
webbs,Triumph,TRIUMPH TIGER 1200 RALLY EXPLORER,15999,,https://webbsmotorcycles.co.uk/triumph-tiger-1200-rally-explorer-20123-2046/
webbs,Triumph,TRIUMPH TIGER 1200 RALLY PRO,11999,,https://webbsmotorcycles.co.uk/triumph-tiger-1200-rally-pro-20123-2061/
webbs,Triumph,TRIUMPH TIGER 660 SPORT,9445,,https://webbsmotorcycles.co.uk/triumph-tiger-660-sport-13040-2191/
webbs,Triumph,TRIUMPH TIGER 660 SPORT,9445,,https://webbsmotorcycles.co.uk/triumph-tiger-660-sport-13040-2190/
webbs,Triumph,TRIUMPH TIGER 660 SPORT,6499,,https://webbsmotorcycles.co.uk/triumph-tiger-660-sport-13040-2249/
webbs,Triumph,TRIUMPH TIGER 660 SPORT,7499,,https://webbsmotorcycles.co.uk/triumph-tiger-660-sport-13040-2251/
webbs,Triumph,TRIUMPH TIGER 800 ABS,3999,,https://webbsmotorcycles.co.uk/triumph-tiger-800-abs-13040-2039/
webbs,Triumph,TRIUMPH TIGER 900 ALPINE EDITION,14395,,https://webbsmotorcycles.co.uk/triumph-tiger-900-alpine-edition-20123-2097/
webbs,Triumph,TRIUMPH TIGER 900 GT PRO,7999,,https://webbsmotorcycles.co.uk/triumph-tiger-900-gt-pro-13040-2181/
webbs,Triumph,TRIUMPH TIGER 900 GT PRO,6799,,https://webbsmotorcycles.co.uk/triumph-tiger-900-gt-pro-20123-2188/
webbs,Triumph,TRIUMPH TIGER 900 GT PRO,8999,,https://webbsmotorcycles.co.uk/triumph-tiger-900-gt-pro-20123-2142/
webbs,Triumph,TRIUMPH TIGER 900 RALLY PRO,12499,,https://webbsmotorcycles.co.uk/triumph-tiger-900-rally-pro-13040-2342/
webbs,Triumph,TRIUMPH TIGER 900 RALLY PRO,9499,,https://webbsmotorcycles.co.uk/triumph-tiger-900-rally-pro-13040-2228/
webbs,Triumph,TRIUMPH TIGER 900 RALLY PRO,7999,,https://webbsmotorcycles.co.uk/triumph-tiger-900-rally-pro-20123-1452/
webbs,Triumph,TRIUMPH TIGER SPORT 1050,5299,,https://webbsmotorcycles.co.uk/triumph-tiger-sport-1050-20123-2158/
webbs,Triumph,TRIUMPH TIGER SPORT 1050,7499,,https://webbsmotorcycles.co.uk/triumph-tiger-sport-1050-13040-2320/
webbs,Triumph,TRIUMPH TIGER SPORT 660,5999,,https://webbsmotorcycles.co.uk/triumph-tiger-sport-660-20123-2147/
webbs,Triumph,TRIUMPH TIGER SPORT 800,9495,,https://webbsmotorcycles.co.uk/triumph-tiger-sport-800-20123-1876/
webbs,Triumph,TRIUMPH TRACKER 400,5845,,https://webbsmotorcycles.co.uk/triumph-tracker-400-13040-2269/
webbs,Triumph,TRIUMPH TRACKER 400,5845,,https://webbsmotorcycles.co.uk/triumph-tracker-400-20123-2117/
webbs,Triumph,TRIUMPH TRACKER 400,5795,,https://webbsmotorcycles.co.uk/triumph-tracker-400-20123-1971/
webbs,Triumph,TRIUMPH TRACKER 400,5845,,https://webbsmotorcycles.co.uk/triumph-tracker-400-20123-1953/
webbs,Triumph,TRIUMPH TRIDENT 660,6799,,https://webbsmotorcycles.co.uk/triumph-trident-660-20123-2179/
webbs,Triumph,TRIUMPH TRIDENT 660,6499,,https://webbsmotorcycles.co.uk/triumph-trident-660-13040-2340/
webbs,Triumph,TRIUMPH TRIDENT 660,7945,,https://webbsmotorcycles.co.uk/triumph-trident-660-13040-2308/
webbs,Triumph,TRIUMPH TRIDENT 660,6999,,https://webbsmotorcycles.co.uk/triumph-trident-660-13040-2259/
webbs,Triumph,TRIUMPH TRIDENT 800,9195,,https://webbsmotorcycles.co.uk/triumph-trident-800-13040-2264/
webbs,Triumph,TRIUMPH TRIDENT 800,9195,,https://webbsmotorcycles.co.uk/triumph-trident-800-13040-2316/
webbs,Triumph,TRIUMPH TRIDENT 800,9195,,https://webbsmotorcycles.co.uk/triumph-trident-800-13040-2315/
webbs,Triumph,TRIUMPH TRIDENT 800,8199,,https://webbsmotorcycles.co.uk/triumph-trident-800-13040-2021/
webbs,Triumph,TRIUMPH TXP-12 (Off Road),1595,,https://webbsmotorcycles.co.uk/triumph-txp-12-off-road-13040-1931/
webbs,Triumph,TRIUMPH TXP-16 (Off Road),2295,,https://webbsmotorcycles.co.uk/triumph-txp-16-off-road-13040-1932/
webbs,Triumph,Triumph TXP-12 (off road),1595,,https://webbsmotorcycles.co.uk/triumph-txp-12-off-road-20123-1786/
webbs,Triumph,Triumph TXP-16 (off road),2295,,https://webbsmotorcycles.co.uk/triumph-txp-16-off-road-20123-1785/
webbs,Triumph,Triumph TXP-20 (off road),3195,,https://webbsmotorcycles.co.uk/triumph-txp-20-off-road-20123-1803/
webbs,Yamaha,YAMAHA FJR 1300 AS,6499,,https://webbsmotorcycles.co.uk/yamaha-fjr-1300-as-13040-2318/
webbs,Yamaha,YAMAHA TRACER 9,9999,,https://webbsmotorcycles.co.uk/yamaha-tracer-9-13040-2245/
webbs,Yamaha,YAMAHA TRACER 9 GT,9999,,https://webbsmotorcycles.co.uk/yamaha-tracer-9-gt-13040-2332/
webbs,Yamaha,YAMAHA YZF-R3,4999,,https://webbsmotorcycles.co.uk/yamaha-yzf-r3-13040-1890/
cmcbikes,Honda,NSS 350 A-P,4399,2023,
cmcbikes,BMW,F 850 GS Sport,7499,2020,
cmcbikes,Triumph,onnevilleSpeedmaster,8999,2021,
cmcbikes,BMW,F 900 R,6499,2024,
cmcbikes,Honda,VFR 800 F-E,5499,2016,
cmcbikes,BMW,S 1000 XR TE,11499,2021,
cmcbikes,Kawasaki,ER6F,3799,2016,
cmcbikes,Yamaha,MT-10 SP,10499,2020,
cmcbikes,Honda,NC 750 X DCT,5199,2020,
cmcbikes,KTM,790 Duke,4799,2021,
cmcbikes,Triumph,Tiger 1200 GTPRO,9549,2022,
cmcbikes,Honda,CBR 1000 SP-N,16499,2023,
cmcbikes,Ducati,Diavel V4,17499,2023,
cmcbikes,Piaggio,Medley 125,3099,2025,
cmcbikes,Kawasaki,ZZR 1400,10499,2021,
cmcbikes,Kawasaki,Z900 RS,9199,2023,
cmcbikes,Yamaha,XSR 700Anniversary,4999,2016,
cmcbikes,Yamaha,YZF-R125,3999,2014,
cmcbikes,KTM,Enduro R23Same DayRide AwayTest RideAvailable,7999,2023,
cmcbikes,Triumph,BonnevilleAmerica 865,6499,2015,
cmcbikes,BMW,S1000RR Sport,9999,2016,
cmcbikes,Indian,RoadmasterSame DayRide AwayTest RideAvailable,12999,2018,
cmcbikes,Ducati,sitM1200 SSame DayRide AwayTest RideAvailable,6999,2014,
cmcbikes,Honda,yIncluded Same DayRide AwayTest RideAvailable,3999,2019,
cmcbikes,Yamaha,yIncluded Same DayRide AwayTest RideAvailable,6999,2018,
cmcbikes,Yamaha,0 Enduro RSame DayRide AwayTest RideAvailable,8499,2016,
cmcbikes,Honda,1000 XR TESame DayRide AwayTest RideAvailable,11999,2024,
cmcbikes,Yamaha,yIncluded Same DayRide AwayTest RideAvailable,10999,2020,
cmcbikes,KTM,Same DayRide AwayTest RideAvailable,7999,2024,
cmcbikes,Yamaha,yIncluded Same DayRide AwayTest RideAvailable,9649,2019,
cmcbikes,Husqvarna,yIncluded Same DayRide AwayTest RideAvailable,6299,2023,
cmcbikes,Yamaha,FR 800 X-FSame DayRide AwayTest RideAvailable,5999,2026,
cmcbikes,Yamaha,yIncluded Same DayRide AwayTest RideAvailable,8999,2026,
cmcbikes,Yamaha,SESame DayRide AwayTest RideAvailable,7999,2021,
cmcbikes,Suzuki,Strom 650Same DayRide AwayTest RideAvailable,4499,2020,
cmcbikes,Harley-Davidson,very within160 miles Flhxs StreetGlide SP 174,15499,2017,
cmcbikes,Kawasaki,yIncluded Same DayRide AwayTest RideAvailable,9499,2024,
cmcbikes,Royal Enfield,Classic 350,3499,2023,
cmcbikes,Triumph,Tiger 900 GT,10299,2024,
cmcbikes,Triumph,ositStreet Triple RS,7999,2022,
cmcbikes,Triumph,tSpeed Triple1200 RS,13799,2025,
cmcbikes,Triumph,Speed Twin1200,10499,2025,
cmcbikes,Triumph,epositBonnevilleT100,7499,2021,
cmcbikes,Yamaha,R1,11499,2015,
cmcbikes,Suzuki,GSX-R1000,8499,2014,
cmcbikes,Honda,VFR 1200 F,5799,2012,
cmcbikes,Suzuki,yIncluded Same DayRide AwayTest RideAvailable,6999,2025,
cmcbikes,Yamaha,yIncluded Same DayRide AwayTest RideAvailable,7999,2024,
cmcbikes,Yamaha,500Tricity 125,2499,2018,
cmcbikes,Triumph,ttedaccessories. Applies to collection only,15999,2022,
cmcbikes,Harley-Davidson,NightTrainSame DayRide AwayTest RideAvailable,8999,2017,
cmcbikes,Harley-Davidson,de 1745 22Same DayRide AwayTest RideAvailable,10999,2005,
cmcbikes,Kawasaki,dition - ZR900 FNFBN,7799,2022,
cmcbikes,Cmcc,yIncluded Same DayRide AwayTest RideAvailable,7499,1923,
cmcbikes,Kawasaki,rt X RallySame DayRide AwayTest RideAvailable,15999,2023,
cmcbikes,Ducati,Flhrxs RoadKing SP 1868,14999,2026,
cmcbikes,Harley-Davidson,CA50 Rally,4999,2023,
cmcbikes,Fanticmotor,StreetScrambler 900,6999,2022,
cmcbikes,Triumph,XL 1200 X FortyEight,7499,2020,
cmcbikes,Harley-Davidson,MT-09,6999,2011,
cmcbikes,Yamaha,sitX-Max 300Tech Max,4299,2014,
cmcbikes,Triumph,0Speed TripleRS 1160,9299,2021,
cmcbikes,Harley-Davidson,XL 883 N Iron,5699,2011,
cmcbikes,Yamaha,X-Max 125,4199,2024,
cmcbikes,Honda,CRF250 Rally,4299,2017,
cmcbikes,Ducati,Supersport S,7499,2017,
cmcbikes,Suzuki,GSXS 1000,7999,2023,
cmcbikes,Harley-Davidson,XL 883 LSuperlow 15,6999,2016,
cmcbikes,Suzuki,tGSX 800FRQM4 GSX-8R,7499,2025,
cmcbikes,Triumph,900 GTAragon Edition,9999,2024,
cmcbikes,Triumph,n only.Speed Twin900,8499,2025,
cmcbikes,Yamaha,XSR125,4149,2023,
cmcbikes,Triumph,er 900Aragon Edition,9499,2023,
cmcbikes,Triumph,sStreetScrambler 900,6499,2017,
cmcbikes,Yamaha,MT-07,4499,2015,
cmcbikes,Suzuki,GSXS 750 Z,6499,2020,
cmcbikes,BMW,S 1000 RR MSport,15499,2020,
cmcbikes,Harley-Davidson,AT BOB1584Same DayRide AwayTest RideAvailable,9399,2012,
cmcbikes,Harley-Davidson,FAT BOB 1141868,14999,2024,
cmcbikes,BMW,R1250 GS TERallye,14499,2023,
cmcbikes,Suzuki,AN 650 ZL3Same DayRide AwayTest RideAvailable,4799,2013,
cmcbikes,Harley-Davidson,XL1200C,4999,2016,
cmcbikes,Honda,S1000 R Sport,7999,2018,
cmcbikes,BMW,ositDS900XSame DayRide AwayTest RideAvailable,7499,2018,
cmcbikes,Voge,SX 125 A-NSame DayRide AwayTest RideAvailable,3499,2025,
cmcbikes,Honda,Versys 650,6299,2022,
cmcbikes,Kawasaki,XT660R,5499,2021,
cmcbikes,Yamaha,XJR1300,6299,2013,
cmcbikes,Honda,CB 1000 R,6299,2019,
cmcbikes,Suzuki,SV 650 X AL8,3999,2018,
cmcbikes,Triumph,er 800 XCxSame DayRide AwayTest RideAvailable,5499,2017,
cmcbikes,Triumph,itTiger 900 RallyPRO,9999,2023,
cmcbikes,Ducati,MultistradaV2S,13999,2025,
cmcbikes,BMW,yIncluded Same DayRide AwayTest RideAvailable,15499,2015,
cmcbikes,Honda,CBR500 R,4299,2021,
cmcbikes,Honda,R Ninet,7299,2017,
cmcbikes,BMW,MT-07,5499,2015,
cmcbikes,Yamaha,positTenere 700Rally,8999,2015,
cmcbikes,Yamaha,ositScrambler1200 XE,10499,2022,
cmcbikes,Triumph,S 1000 RR MSport,14999,2024,
cmcbikes,BMW,epositScrambler 400X,5449,2021,
cmcbikes,Triumph,CBR600F,4799,2026,
cmcbikes,Honda,Supersport 950,8999,2011,
cmcbikes,Ducati,Tricity 300,7499,2022,
cmcbikes,Yamaha,yIncluded Same DayRide AwayTest RideAvailable,9999,2026,
cmcbikes,Triumph,yIncluded Same DayRide AwayTest RideAvailable,3999,2017,
cmcbikes,Triumph,1000 XR TESame DayRide AwayTest RideAvailable,11499,2022,
cmcbikes,Honda,yIncluded Same DayRide AwayTest RideAvailable,3999,2020,
cmcbikes,Honda,Same DayRide AwayTest RideAvailable,3499,2019,
cmcbikes,Royal Enfield,Same DayRide AwayTest RideAvailable,8299,2021,
cmcbikes,Triumph,Tracer 7 GT,8299,2019,
cmcbikes,BMW,onnevilleStreet Twin,7299,2021,
cmcbikes,Yamaha,yIncluded Same DayRide AwayTest RideAvailable,6999,2024,
cmcbikes,Triumph,yIncluded Same DayRide AwayTest RideAvailable,9499,2023,
cmcbikes,BMW,150R1250 GSAdventure TE,14799,2023,
cmcbikes,Yamaha,MT-07 ABS,4999,2017,
cmcbikes,BMW,R Ninet Pure,7199,2017,
cmcbikes,BMW,R1200 RS SportSE,6999,2018,
cmcbikes,Kawasaki,it Ninja 650,4999,2017,
cmcbikes,BMW,R1200 RS SportSE,6999,2016,
cmcbikes,Honda,CRF 300 Rally,5599,2024,
cmcbikes,Kawasaki,yIncluded Same DayRide AwayTest RideAvailable,6499,2019,
cmcbikes,Ducati,Fazer 8,4799,2019,
cmcbikes,Yamaha,XRSport SESame DayRide AwayTest RideAvailable,8999,2018,
cmcbikes,BMW,yIncluded Same DayRide AwayTest RideAvailable,10999,2019,
cmcbikes,Yamaha,Same DayRide AwayTest RideAvailable,12999,2012,
cmcbikes,BMW,yIncluded Same DayRide AwayTest RideAvailable,10999,2019,
cmcbikes,BMW,sitX Max 300Tech Max,6149,2024,
cmcbikes,Kawasaki,CB 500 XA-N,5149,2024,
cmcbikes,Yamaha,hin160 miles XSR 900,7149,2020,
cmcbikes,Yamaha,RayZR 125,2551,2026,
cmcbikes,Yamaha,WR125 R,4501,2016,
cmcbikes,Kawasaki,XSR 700,4999,2023,
cmcbikes,BMW,yIncluded Same DayRide AwayTest RideAvailable,9999,2021,
cmcbikes,Triumph,150Same DayRide AwayTest RideAvailable,9999,2017,
cmcbikes,Honda,yIncluded Same DayRide AwayTest RideAvailable,8199,2024,
cmcbikes,BMW,yIncluded Same DayRide AwayTest RideAvailable,9499,2015,
cmcbikes,Triumph,yIncluded Same DayRide AwayTest RideAvailable,17499,2023,
cmcbikes,Honda,MT-07,6649,2021,
cmcbikes,Triumph,yIncluded Same DayRide AwayTest RideAvailable,6149,2026,
cmcbikes,Yamaha,yIncluded Same DayRide AwayTest RideAvailable,4999,2024,
cmcbikes,Yamaha,Eight,8499,2021,
cmcbikes,Honda,CMX 1100 DCT,8499,2018,
cmcbikes,Harley-Davidson,R1250 RSExclusive,9149,2018,
cmcbikes,Honda,SoftailStandard 1745,11149,2026,
cmcbikes,Kawasaki,yIncluded Same DayRide AwayTest RideAvailable,9999,2021,
cmcbikes,Harley-Davidson,mLTD XL CASame DayRide AwayTest RideAvailable,7999,2017,
cmcbikes,Honda,yIncluded Same DayRide AwayTest RideAvailable,8999,2023,
cmcbikes,Triumph,yIncluded Same DayRide AwayTest RideAvailable,6199,2023,
cmcbikes,Honda,MandelloSSame DayRide AwayTest RideAvailable,10649,2010,
cmcbikes,Yamaha,Same DayRide AwayTest RideAvailable,4699,2024,
cmcbikes,Yamaha,yIncluded Same DayRide AwayTest RideAvailable,9499,2017,
cmcbikes,Moto Guzzi,yIncluded Same DayRide AwayTest RideAvailable,5499,2024,
cmcbikes,Yamaha,ith TopboxSame DayRide AwayTest RideAvailable,3799,2026,
cmcbikes,KTM,Softail Fat Boy,14499,2026,
cmcbikes,Triumph,yIncluded Same DayRide AwayTest RideAvailable,11499,2023,
cmcbikes,Yamaha,yIncluded Same DayRide AwayTest RideAvailable,6299,2020,
cmcbikes,Honda,yIncluded Same DayRide AwayTest RideAvailable,9499,2023,
cmcbikes,Harley-Davidson,yIncluded Same DayRide AwayTest RideAvailable,7999,2018,
cmcbikes,Triumph,Applies to collection only.Test RideAvailable,14999,2023,
cmcbikes,Kawasaki,Test RideAvailable,3399,2024,
cmcbikes,Triumph,Test RideAvailable,10999,2018,
cmcbikes,Honda,e CB1000GT,11999,2026,
cmcbikes,Honda,CB125R,4799,2025,
cmcbikes,Kawasaki,CB1000GT,11999,2026,
cmcbikes,Yamaha,yIncluded Same DayRide AwayTest RideAvailable,14299,2022,
cmcbikes,Honda,yIncluded Same DayRide AwayTest RideAvailable,8999,2026,
cmcbikes,Honda,yIncluded Same DayRide AwayTest RideAvailable,7999,2025,
cmcbikes,Honda,positGSX1300Hayabusa,9499,2026,
cmcbikes,Suzuki,inCRF 1000Same DayRide AwayTest RideAvailable,7299,2018,
cmcbikes,Honda,yIncluded Same DayRide AwayTest RideAvailable,6299,2019,
cmcbikes,Yamaha,ttedaccessories. Applies to collection only,7854,2026,
cmcbikes,Yamaha,Test RideAvailable,13649,2025,
cmcbikes,Ducati,Test RideAvailable,9499,2019,
cmcbikes,Kawasaki,yIncluded Same DayRide AwayTest RideAvailable,5799,2022,
cmcbikes,Kawasaki,yIncluded Same DayRide AwayTest RideAvailable,8499,2017,
cmcbikes,Triumph,eluxe 1690Same DayRide AwayTest RideAvailable,10499,2024,
slipstream,Honda,HONDA CRF450 RX WITH,5995,2023,
slipstream,Zontes,ZONTES GK350 WITHONLY 1,2495,2023,
slipstream,Super,"SUPER CLEAN, EXCELLENT EX",2495,2005,
slipstream,Honda,"Honda CB750 NIGHTHAWKONLY 10K MILES, RARE NIGHTHAWK",2695,,
slipstream,Honda,HONDA CB750,2895,,
slipstream,Suzuki,SUZUKI GS1000WITH,3495,,
slipstream,Suzuki,SUZUKI IS NICE AND CLEAN,3495,,
slipstream,Super,"SUPER ORIGINAL, LOW",4495,,
slipstream,Super,SUPER EVO MX BIKE,4495,,
