site,category,title,price,seller,url
bikemotormart,adventure,Africa Twin 1100 Sport Manual,10000,Private listing,https://bikemotormart.com/bikes-for-sale/africa-twin-1100-sport-manuel-p3356/
bikemotormart,adventure,Herald 125 Scrambler,1200,Private listing,https://bikemotormart.com/bikes-for-sale/herald-125-scrambler-p3472/
bikemotormart,adventure,Suzuki Van Van,2500,Private listing,https://bikemotormart.com/bikes-for-sale/suzuki-van-van-p3486/
bikemotormart,classic,AJS 30,4950,Private listing,https://bikemotormart.com/bikes-for-sale/ajs-30-p3323/
bikemotormart,classic,AJS 31CSR,3250,Private listing,https://bikemotormart.com/bikes-for-sale/ajs-31csr-p3372/
bikemotormart,classic,Ariel NH 350,3600,Private listing,https://bikemotormart.com/bikes-for-sale/ariel-nh-350-p3434/
bikemotormart,classic,Ariel Red Hunter,,Private listing,https://bikemotormart.com/bikes-for-sale/ariel-red-hunter-p3487/
bikemotormart,classic,Ariel Red Hunter,,Private listing,https://bikemotormart.com/bikes-for-sale/ariel-red-hunter-p3231/
bikemotormart,classic,BMW R100,4000,Private listing,https://bikemotormart.com/bikes-for-sale/bmw-r100-p3347/
bikemotormart,classic,BMW R100,4000,Private listing,https://bikemotormart.com/bikes-for-sale/bmw-r100-p3346/
bikemotormart,classic,BMW R60/7,3250,Private listing,https://bikemotormart.com/bikes-for-sale/bmw-r60-7-p3225/
bikemotormart,classic,BSA A10,38750,Private listing,https://bikemotormart.com/bikes-for-sale/bsa-a10-p3276/
bikemotormart,classic,BSA A10 Super Rocket,4000,Private listing,https://bikemotormart.com/bikes-for-sale/bsa-a10-super-rocket-p3354/
bikemotormart,classic,BSA A50,3250,Private listing,https://bikemotormart.com/bikes-for-sale/a1962-bsa-a50-for-sale-p3350/
bikemotormart,classic,BSA A65 Firebird,,Private listing,https://bikemotormart.com/bikes-for-sale/bsa-a65-firebird-p3481/
bikemotormart,classic,BSA A65 Lightning,4999,Private listing,https://bikemotormart.com/bikes-for-sale/bsa-a65-lightning-p3342/
bikemotormart,classic,BSA A65L,6000,Private listing,https://bikemotormart.com/bikes-for-sale/bsa-a65l-p3269/
bikemotormart,classic,BSA A65L,3400,Private listing,https://bikemotormart.com/bikes-for-sale/bsa-a65l-1968-p3254/
bikemotormart,classic,BSA B40,975,Private listing,https://bikemotormart.com/bikes-for-sale/bsa-b40-p3480/
bikemotormart,classic,BSA B40,975,Private listing,https://bikemotormart.com/bikes-for-sale/bsa-b40-p3234/
bikemotormart,classic,BSA Bantam B175,2250,Private listing,https://bikemotormart.com/bikes-for-sale/bsa-bantam-b175-p3466/
bikemotormart,classic,BSA DBD34 Goldstar,10500,Private listing,https://bikemotormart.com/bikes-for-sale/bsa-dbd34-goldstar-p3463/
bikemotormart,classic,BSA Lightning,4950,Private listing,https://bikemotormart.com/bikes-for-sale/bsa-lightning-p3322/
bikemotormart,classic,BSA Lightning,4950,Private listing,https://bikemotormart.com/bikes-for-sale/bsa-lightning-p3329/
bikemotormart,classic,BSA Lightning,5750,Private listing,https://bikemotormart.com/bikes-for-sale/bsa-lightning-p3224/
bikemotormart,classic,BSA Starfire,1650,Private listing,https://bikemotormart.com/bikes-for-sale/bsa-starfire-p3324/
bikemotormart,classic,BSA Starfire,,Private listing,https://bikemotormart.com/bikes-for-sale/bsa-starfire-p3274/
bikemotormart,classic,BSA V Special,,Private listing,https://bikemotormart.com/bikes-for-sale/bsa-v-special-p3482/
bikemotormart,classic,BSA Victor Special,4950,Private listing,https://bikemotormart.com/bikes-for-sale/bsa-victor-special-p3233/
bikemotormart,classic,BSA wanted,,Private listing,https://bikemotormart.com/bikes-for-sale/bsa-wanted-p3439/
bikemotormart,classic,Classic Jap bike wanted,,Private listing,https://bikemotormart.com/bikes-for-sale/classic-jap-bike-wanted-in-any-condition-p3292/
bikemotormart,classic,Classic motorcycle wanted,,Private listing,https://bikemotormart.com/bikes-for-sale/classic-motorcycle-wanted-p3243/
bikemotormart,classic,Classic vintage motorbike wanted,,Private listing,https://bikemotormart.com/bikes-for-sale/classic-vintage-motorbike-wanted-p3317/
bikemotormart,classic,Ducati MHR,13000,Private listing,https://bikemotormart.com/bikes-for-sale/ducati-mhr-p3459/
bikemotormart,classic,Harley-Davidson Sportster 1200,5750,Private listing,https://bikemotormart.com/bikes-for-sale/harley-davidson-sportster-1200-p3483/
bikemotormart,classic,Honda 125SS,3700,Private listing,https://bikemotormart.com/bikes-for-sale/honda-125ss-p3226/
bikemotormart,classic,Honda 250 C72 Dream,2400,Private listing,https://bikemotormart.com/bikes-for-sale/honda-250-c72-dream-1972-p3256/
bikemotormart,classic,Honda C72,,Private listing,https://bikemotormart.com/bikes-for-sale/honda-c72-p3273/
bikemotormart,classic,Honda CB400NC,1500,Private listing,https://bikemotormart.com/bikes-for-sale/honda-cb400nc-p3262/
bikemotormart,classic,Honda CB500T,1500,Private listing,https://bikemotormart.com/bikes-for-sale/honda-cb500t-p3364/
bikemotormart,classic,Honda CB750 K3,7850,Private listing,https://bikemotormart.com/bikes-for-sale/honda-cb750-k3-p3489/
bikemotormart,classic,Honda CB750 KO,16500,Private listing,https://bikemotormart.com/bikes-for-sale/honda-cb750-ko-p3484/
bikemotormart,classic,Honda CB750K2,1800,Private listing,https://bikemotormart.com/bikes-for-sale/honda-cb750k2-p3285/
bikemotormart,classic,Honda CB760,,Private listing,https://bikemotormart.com/bikes-for-sale/honda-cb760-p3235/
bikemotormart,classic,Honda CX500 Eurosport,2750,Private listing,https://bikemotormart.com/bikes-for-sale/honda-cx500-eurosport-p3444/
bikemotormart,classic,Honda XLV750,2000,Private listing,https://bikemotormart.com/bikes-for-sale/honda-xlv750-p3265/
bikemotormart,classic,Honda Yamaha Suzuki Kawasaki wanted,,Private listing,https://bikemotormart.com/bikes-for-sale/honda-yamaha-suzuki-kawasaki-wanted-project-per-1982-p3349/
bikemotormart,classic,James Sport,3950,Private listing,https://bikemotormart.com/bikes-for-sale/james-sport-p3488/
bikemotormart,classic,Kawasaki Estrella 250,1250,Private listing,https://bikemotormart.com/bikes-for-sale/kawasaki-estrella-250-p3464/
bikemotormart,classic,Kawasaki KH100,2750,Private listing,https://bikemotormart.com/bikes-for-sale/kawasaki-kh100-p3382/
bikemotormart,classic,Kawasaki KH100,2750,Private listing,https://bikemotormart.com/bikes-for-sale/kawasaki-kh100-p3381/
bikemotormart,classic,Kawasaki KH100,2750,Private listing,https://bikemotormart.com/bikes-for-sale/kawasaki-kh100-p3380/
bikemotormart,classic,Kawasaki KL250,1500,Private listing,https://bikemotormart.com/bikes-for-sale/kawasaki-kl250-p3465/
bikemotormart,classic,Miller M600 Peak Type Headlamp Rim,,Private listing,https://bikemotormart.com/bikes-for-sale/miller-m600-peak-type-headlamp-rim-p3325/
bikemotormart,classic,Norton Commando,6500,Private listing,https://bikemotormart.com/bikes-for-sale/norton-commando-p3264/
bikemotormart,classic,Panther M120,3500,Private listing,https://bikemotormart.com/bikes-for-sale/panther-m120-p3260/
bikemotormart,classic,Royal Enfield,2750,Private listing,https://bikemotormart.com/bikes-for-sale/royal-enfield-p3232/
bikemotormart,classic,Royal Enfield Crusader,2950,Private listing,https://bikemotormart.com/bikes-for-sale/royal-enfield-crusader-p3457/
bikemotormart,classic,Suzuki Burgman,2500,Private listing,https://bikemotormart.com/bikes-for-sale/suzuki-burgman-p3319/
bikemotormart,classic,Suzuki GS550E,895,Private listing,https://bikemotormart.com/bikes-for-sale/suzuki-gs550e-p3348/
bikemotormart,classic,Suzuki GT125B,1595,Private listing,https://bikemotormart.com/bikes-for-sale/suzuki-gt125b-p3252/
bikemotormart,classic,Suzuki GT750M,7500,Private listing,https://bikemotormart.com/bikes-for-sale/suzuki-gt750m-p3490/
bikemotormart,classic,Suzuki T32,2200,Private listing,https://bikemotormart.com/bikes-for-sale/suzuki-t32-1965-150cc-two-stroke-lovely-little-classic-bike-p3355/
bikemotormart,classic,Triumph 5T,5750,Private listing,https://bikemotormart.com/bikes-for-sale/triumph-5t-p3255/
bikemotormart,classic,Triumph Bonneville T120R,5995,Private listing,https://bikemotormart.com/bikes-for-sale/triumph-bonneville-t120r-p3475/
bikemotormart,classic,Triumph Speed Twin,5750,Private listing,https://bikemotormart.com/bikes-for-sale/triumph-speed-twin-p3271/
bikemotormart,classic,Triumph Sprint ST 955i,2350,Private listing,https://bikemotormart.com/bikes-for-sale/triumph-sprint-st-955i-p3257/
bikemotormart,classic,Triumph T140V,5500,Private listing,https://bikemotormart.com/bikes-for-sale/triumph-t140v-p3270/
bikemotormart,classic,Triumph Tiger 100,5950,Private listing,https://bikemotormart.com/bikes-for-sale/triumph-tiger-100-p3328/
bikemotormart,classic,Triumph Tiger 100S,5000,Private listing,https://bikemotormart.com/bikes-for-sale/triumph-tiger-100s-p3462/
bikemotormart,classic,Triumph Tiger 100S,5000,Private listing,https://bikemotormart.com/bikes-for-sale/triumph-tiger-100s-p3371/
bikemotormart,classic,"Wanted BSA, Norton, Triumph, Velocette, Matchless",,Private listing,https://bikemotormart.com/bikes-for-sale/wanted-bsa-norton-triumph-velocette-matchless-p3436/
bikemotormart,classic,Wanted Honda C90 CB125/75 CB200 or any other small Honda bikes,,Private listing,https://bikemotormart.com/bikes-for-sale/wanted-hondac90-cb125-75-cb200-or-any-other-small-honda-bikes-p3435/
bikemotormart,classic,Wanted any classic British motorcycle,,Private listing,https://bikemotormart.com/bikes-for-sale/wanted-any-classic-british-motorcycle-by-genuine-enthusiast-p3291/
bikemotormart,classic,Wanted classic BSA Bantam Tiger Cub,,Private listing,https://bikemotormart.com/bikes-for-sale/wanted-classic-bsa-bantam-tiger-cub-p3241/
bikemotormart,classic,Yamaha SR400 Roadster,5000,Private listing,https://bikemotormart.com/bikes-for-sale/yamaha-sr400-rosdster-p3359/
bikemotormart,classic,Yamaha Virago 250V,450,Private listing,https://bikemotormart.com/bikes-for-sale/yamaha-virago-250v-p3458/
bikemotormart,classic,Yamaha XS650SE,3000,Private listing,https://bikemotormart.com/bikes-for-sale/yamaha-xs650se-p3321/
bikemotormart,classic,Yamaha YR5 350,,Private listing,https://bikemotormart.com/bikes-for-sale/yamaha-yr5-350-p3272/
bikemotormart,cruiser,Keeway K-Light 125 E5,1300,Private listing,https://bikemotormart.com/bikes-for-sale/keeway-k-light-125-e5-p3307/
bikemotormart,cruiser,Lexmoto Michigan 125,1050,Private listing,https://bikemotormart.com/bikes-for-sale/lexmoto-michigan-125-p3351/
bikemotormart,cruiser,Yamaha 1100 Virago,,Private listing,https://bikemotormart.com/bikes-for-sale/yamaha-1100-virago-p3473/
bikemotormart,cruiser,Yamaha Royal Star,4295,Private listing,https://bikemotormart.com/bikes-for-sale/yamaha-royal-star-p3368/
bikemotormart,cruiser,Yamaha Royal Star,4295,Private listing,https://bikemotormart.com/bikes-for-sale/yamaha-royal-star-p3367/
bikemotormart,enduro,Honda CB750KO,,Private listing,https://bikemotormart.com/bikes-for-sale/honda-cb750ko-p3326/
bikemotormart,moped,Yamaha YR5,4250,Private listing,https://bikemotormart.com/bikes-for-sale/yamaha-yr5-p3479/
bikemotormart,naked,Benelli 900 Sei,14000,Private listing,https://bikemotormart.com/bikes-for-sale/benelli-900-sei-p3263/
bikemotormart,naked,Honda CB1000,1900,Private listing,https://bikemotormart.com/bikes-for-sale/honda-cb1000-big-one-p3344/
bikemotormart,naked,Honda CB1000 Big One,1900,Private listing,https://bikemotormart.com/bikes-for-sale/honda-cb1000-big-one-p3315/
bikemotormart,naked,Honda CBF250,1495,Private listing,https://bikemotormart.com/bikes-for-sale/honda-cbf250-p3369/
bikemotormart,naked,KTM 1290 Superduke R Special Edition,8000,Private listing,https://bikemotormart.com/bikes-for-sale/ktm-1290-superduke-r-special-edition-p3318/
bikemotormart,naked,Kawasaki GT500,2250,Private listing,https://bikemotormart.com/bikes-for-sale/kawasaki-gt500-p3227/
bikemotormart,naked,Suzuki GS750,,Private listing,https://bikemotormart.com/bikes-for-sale/suzuki-gs750-p3230/
bikemotormart,naked,Suzuki GSX1400,5500,Private listing,https://bikemotormart.com/bikes-for-sale/gsx-1400-p3491/
bikemotormart,off-road,Bultaco Pursang engine,350,Private listing,https://bikemotormart.com/bikes-for-sale/bultaco-pursang-engine-p3268/
bikemotormart,off-road,Greeves classic competition,4500,Private listing,https://bikemotormart.com/bikes-for-sale/greeves-classic-competition-p3366/
bikemotormart,off-road,Honda CB100N,500,Private listing,https://bikemotormart.com/bikes-for-sale/honda-cb100n-p3261/
bikemotormart,scooter,Classic Italian Lambretta LI125 Special,4750,Private listing,https://bikemotormart.com/bikes-for-sale/a1966-classic-italian-lambretta-li125-special-original-p3358/
bikemotormart,scooter,Lambretta GP200,7000,Private listing,https://bikemotormart.com/bikes-for-sale/lambretta-gp200-p3258/
bikemotormart,scooter,Lambretta Indian GP,3000,Private listing,https://bikemotormart.com/bikes-for-sale/lambretta-indian-gp-p3249/
bikemotormart,scooter,Lambretta LI Series 3,4850,Private listing,https://bikemotormart.com/bikes-for-sale/lambretta-li-series-3-p3376/
bikemotormart,scooter,Lambretta LI125 Special,5950,Private listing,https://bikemotormart.com/bikes-for-sale/a1966-lambretta-li125-special-fully-refurb-engine-respray-p3357/
bikemotormart,scooter,Lambretta Lui Frame and Engine 50cc,549,Private listing,https://bikemotormart.com/bikes-for-sale/lambretta-lui-frame-and-engine-50cc-p3363/
bikemotormart,scooter,Lambretta SX225,4000,Private listing,https://bikemotormart.com/bikes-for-sale/lambretta-sx225-p3248/
bikemotormart,scooter,Lambretta Starstream,1950,Private listing,https://bikemotormart.com/bikes-for-sale/lambretta-starstream-for-sale-p3277/
bikemotormart,scooter,Modena 125,250,Private listing,https://bikemotormart.com/bikes-for-sale/modena-125-p3259/
bikemotormart,scooter,Piaggio T5 Classic,3250,Private listing,https://bikemotormart.com/bikes-for-sale/piaggio-t5-classic-p3370/
bikemotormart,scooter,Suzuki Burgman,2500,Private listing,https://bikemotormart.com/bikes-for-sale/suzuki-burgman-p3460/
bikemotormart,scooter,Vespa GTS,2500,Private listing,https://bikemotormart.com/bikes-for-sale/vespa-gts-p3352/
bikemotormart,scooter,Vespa P125 ETS,3250,Private listing,https://bikemotormart.com/bikes-for-sale/vespa-p125-ets-p3250/
bikemotormart,scooter,Vespa PX200,,Private listing,https://bikemotormart.com/bikes-for-sale/vespa-px200-p3279/
bikemotormart,scooter,"Vespa T5 Classic PX125 (1999) - 1,315 Miles , one owner",4750,Private listing,https://bikemotormart.com/bikes-for-sale/vespa-t5-classic-px125-1999-1315-miles-one-owner-p3520/
bikemotormart,scooter,Vespa T5 mk1,3500,Private listing,https://bikemotormart.com/bikes-for-sale/vespa-t5-mk1-p3314/
bikemotormart,sport-tourer,Excellent Motorcycle Tourer,,Private listing,https://bikemotormart.com/bikes-for-sale/excellent-motorcycle-tourer-p3432/
bikemotormart,sport-tourer,Honda ST1300,2000,Private listing,https://bikemotormart.com/bikes-for-sale/honda-st1300-p3471/
bikemotormart,sport-tourer,Kawasaki GPZ500,500,Private listing,https://bikemotormart.com/bikes-for-sale/kawasaki-gpz500-p3373/
bikemotormart,sport-tourer,Silver Aprilia Falco,2100,Private listing,https://bikemotormart.com/bikes-for-sale/silver-aprilia-falco-p3365/
bikemotormart,sport-tourer,Triumph Daytona 955i,3000,Private listing,https://bikemotormart.com/bikes-for-sale/triumph-daytona-955i-p3236/
bikemotormart,sports,MV Agusta F3,5495,Private listing,https://bikemotormart.com/bikes-for-sale/mv-agusta-f3-p3468/
bikemotormart,sports,Moto Guzzi Sport 1100,4500,Private listing,https://bikemotormart.com/bikes-for-sale/moto-guzzi-sport-1100-p3266/
bikemotormart,sports,Moto Guzzi V7 850,600,Private listing,https://bikemotormart.com/bikes-for-sale/moto-guzzi-v7-850-p3320/
bikemotormart,touring,BMW R850R,2250,Private listing,https://bikemotormart.com/bikes-for-sale/bmw-r850r-p3353/
bikemotormart,touring,Harley-Davidson Sportster,4200,Private listing,https://bikemotormart.com/bikes-for-sale/harley-davidson-sportster-p3275/
bikemotormart,touring,Honda Deauville,975,Private listing,https://bikemotormart.com/bikes-for-sale/excellent-honda-deauville-reliable-comfortable-and-smooth-p3470/
bikemotormart,touring,Yamaha 600 Diversion,1100,Private listing,https://bikemotormart.com/bikes-for-sale/yamaha-600-diversion-p3374/
bikemotormart,trike,Harley-Davidson Servicar,9750,Private listing,https://bikemotormart.com/bikes-for-sale/harley-davidson-servicar-p3327/
oldbikemart,classic,2 3/4 Douglas Model U,,Private listing,https://www.oldbikemart.co.uk/listings/a2-3-4-douglas-model-u-p3205/
oldbikemart,classic,750 Commando Interstate,6000,Private listing,https://www.oldbikemart.co.uk/listings/a750-commando-interstate-p3287/
oldbikemart,classic,Ariel Arrow,1500,Private listing,https://www.oldbikemart.co.uk/listings/ariel-arrow-p3390/
oldbikemart,classic,Ariel Huntmaster,,Private listing,https://www.oldbikemart.co.uk/listings/ariel-huntmaster-p3402/
oldbikemart,classic,Ariel Leader,,Private listing,https://www.oldbikemart.co.uk/listings/ariel-leader-p3389/
oldbikemart,classic,Ariel Leader,,Private listing,https://www.oldbikemart.co.uk/listings/ariel-leader-p3199/
oldbikemart,classic,BMW R12 military combination,20500,Private listing,https://www.oldbikemart.co.uk/listings/bmw-r12-military-combination-p3412/
oldbikemart,classic,BMW R60/2 combination,10995,Private listing,https://www.oldbikemart.co.uk/listings/bmw-r60-2-combination-p3414/
oldbikemart,classic,BMW R60/7,3250,Private listing,https://www.oldbikemart.co.uk/listings/bmw-r60-7-p3207/
oldbikemart,classic,BMW R80G/S Combination,8750,Private listing,https://www.oldbikemart.co.uk/listings/bmw-r80g-s-combination-p3211/
oldbikemart,classic,BSA A10,3875,Private listing,https://www.oldbikemart.co.uk/listings/bsa-a10-p3399/
oldbikemart,classic,BSA A10 Golden Flash,3875,Private listing,https://www.oldbikemart.co.uk/listings/bsa-a10-golden-flash-p3419/
oldbikemart,classic,BSA A65L,6000,Private listing,https://www.oldbikemart.co.uk/listings/bsa-a65l-p3192/
oldbikemart,classic,BSA A65S Spitfire,,Private listing,https://www.oldbikemart.co.uk/listings/bsa-a65s-spitfire-p3300/
oldbikemart,classic,BSA B10 Super Rocket,,Private listing,https://www.oldbikemart.co.uk/listings/bsa-b10-super-rocket-p3416/
oldbikemart,classic,BSA B31,2150,Private listing,https://www.oldbikemart.co.uk/listings/bsa-b31-p3505/
oldbikemart,classic,BSA B31,5000,Private listing,https://www.oldbikemart.co.uk/listings/bsa-b31-p3183/
oldbikemart,classic,BSA B50 MX,3800,Private listing,https://www.oldbikemart.co.uk/listings/bsa-b50-mx-p3406/
oldbikemart,classic,BSA Bantam B175,2250,Private listing,https://www.oldbikemart.co.uk/listings/bsa-bantam-b175-p3403/
oldbikemart,classic,BSA Bantam B175,1800,Private listing,https://www.oldbikemart.co.uk/listings/bsa-bantam-b175-p3191/
oldbikemart,classic,BSA Bantam D7,1750,Private listing,https://www.oldbikemart.co.uk/listings/bsa-bantam-d7-p3338/
oldbikemart,classic,BSA C15,1950,Private listing,https://www.oldbikemart.co.uk/listings/bsa-c15-p3509/
oldbikemart,classic,BSA C15,1950,Private listing,https://www.oldbikemart.co.uk/listings/bsa-c15-p3174/
oldbikemart,classic,BSA D3 Bantam,,Private listing,https://www.oldbikemart.co.uk/listings/bsa-d3-bantam-p3384/
oldbikemart,classic,BSA Lightning,4950,Private listing,https://www.oldbikemart.co.uk/listings/bsa-lightning-p3394/
oldbikemart,classic,BSA Lightning 650,3995,Private listing,https://www.oldbikemart.co.uk/listings/bsa-lightning-650-p3332/
oldbikemart,classic,BSA M20,1450,Private listing,https://www.oldbikemart.co.uk/listings/bsa-m20-p3219/
oldbikemart,classic,BSA WM20,4500,Private listing,https://www.oldbikemart.co.uk/listings/bsa-wm20-p3498/
oldbikemart,classic,BSA WM20,6950,Private listing,https://www.oldbikemart.co.uk/listings/bsa-wm20-p3208/
oldbikemart,classic,BSA petrol tank and seat,,Private listing,https://www.oldbikemart.co.uk/listings/bsa-petrol-tank-and-seat-p3510/
oldbikemart,classic,Douglas T35,4500,Private listing,https://www.oldbikemart.co.uk/listings/a1947-t35-douglas-p3478/
oldbikemart,classic,Ducati Elite,5500,Private listing,https://www.oldbikemart.co.uk/listings/ducati-elite-p3405/
oldbikemart,classic,Excelsior Manxman,18000,Private listing,https://www.oldbikemart.co.uk/listings/excelsior-manxman-p3400/
oldbikemart,classic,Excelsior Talisman,3000,Private listing,https://www.oldbikemart.co.uk/listings/excelsior-talisman-p3182/
oldbikemart,classic,Greeves East Coaster,3750,Private listing,https://www.oldbikemart.co.uk/listings/greeves-east-coaster-p3297/
oldbikemart,classic,Greeves classic competition,,Private listing,https://www.oldbikemart.co.uk/listings/greeves-classic-competition-p3428/
oldbikemart,classic,Harley-Davidson WLC,19950,Private listing,https://www.oldbikemart.co.uk/listings/harley-davidson-wlc-p3209/
oldbikemart,classic,Honda 400 4,2000,Private listing,https://www.oldbikemart.co.uk/listings/honda-400-4-p3237/
oldbikemart,classic,Honda 550 F2,,Private listing,https://www.oldbikemart.co.uk/listings/honda-550-f2-p3004/
oldbikemart,classic,Honda CB400NC,1500,Private listing,https://www.oldbikemart.co.uk/listings/honda-cb400nc-p3247/
oldbikemart,classic,Honda CB400NC,1500,Private listing,https://www.oldbikemart.co.uk/listings/honda-cb400nc-p3214/
oldbikemart,classic,Honda CB500TT,,Private listing,https://www.oldbikemart.co.uk/listings/honda-cb500tt-p3188/
oldbikemart,classic,Honda CB77,5000,Private listing,https://www.oldbikemart.co.uk/listings/honda-cb77-p3494/
oldbikemart,classic,Honda CB77,3500,Private listing,https://www.oldbikemart.co.uk/listings/honda-cb77-p3298/
oldbikemart,classic,Honda Classic 400 Four,2450,Private listing,https://www.oldbikemart.co.uk/listings/classic-400-four-p3290/
oldbikemart,classic,Honda NC750X,2650,Private listing,https://www.oldbikemart.co.uk/listings/honda-nc750x-p3330/
oldbikemart,classic,Honda PC50,250,Private listing,https://www.oldbikemart.co.uk/listings/honda-pc50-p3418/
oldbikemart,classic,Honda Superhawk CB77 factory race kit,5995,Private listing,https://www.oldbikemart.co.uk/listings/honda-superhawk-cb77-factory-race-kit-p3310/
oldbikemart,classic,Indian 101 Scout,33500,Private listing,https://www.oldbikemart.co.uk/listings/indian-101-scout-p3413/
oldbikemart,classic,Indian Sidecar and Chassis,2950,Private listing,https://www.oldbikemart.co.uk/listings/indian-sidecar-and-chassis-p3331/
oldbikemart,classic,Kawasaki Z650,,Private listing,https://www.oldbikemart.co.uk/listings/kawasaki-z650-p3395/
oldbikemart,classic,MZ 250,200,Private listing,https://www.oldbikemart.co.uk/listings/mz-250-p3514/
oldbikemart,classic,MZ250,200,Private listing,https://www.oldbikemart.co.uk/listings/mz250-p3295/
oldbikemart,classic,Matchless 350 G3LS,3750,Private listing,https://www.oldbikemart.co.uk/listings/matchless-350-g3ls-p3477/
oldbikemart,classic,Matchless G80CS,6200,Private listing,https://www.oldbikemart.co.uk/listings/matchless-g80cs-p3179/
oldbikemart,classic,Matchless Model X,,Private listing,https://www.oldbikemart.co.uk/listings/matchless-model-x-p3429/
oldbikemart,classic,Moto Guzzi T3 California,7000,Private listing,https://www.oldbikemart.co.uk/listings/moto-guzzi-t3-california-p3200/
oldbikemart,classic,Moto Guzzi V50,2000,Private listing,https://www.oldbikemart.co.uk/listings/moto-guzzi-v50-p3340/
oldbikemart,classic,NSU Supermax,4850,Private listing,https://www.oldbikemart.co.uk/listings/nsu-supermax-p3306/
oldbikemart,classic,Norton Commando,5500,Private listing,https://www.oldbikemart.co.uk/listings/norton-commando-p3423/
oldbikemart,classic,Norton Commando,6500,Private listing,https://www.oldbikemart.co.uk/listings/norton-commando-p3193/
oldbikemart,classic,Panther M100,2900,Private listing,https://www.oldbikemart.co.uk/listings/panther-m100-p3511/
oldbikemart,classic,Projects Triumph,5500,Private listing,https://www.oldbikemart.co.uk/listings/projects-triumph-p3197/
oldbikemart,classic,Royal Enfield,2750,Private listing,https://www.oldbikemart.co.uk/listings/royal-enfield-p3195/
oldbikemart,classic,Royal Enfield 250 Continental GT,1500,Private listing,https://www.oldbikemart.co.uk/listings/royal-enfield-250-continental-gt-p3493/
oldbikemart,classic,Royal Enfield 650 Interceptor,2600,Private listing,https://www.oldbikemart.co.uk/listings/royal-enfield-650-interceptor-p3187/
oldbikemart,classic,Royal Enfield Bullet,1950,Private listing,https://www.oldbikemart.co.uk/listings/royal-enfield-bullet-p3397/
oldbikemart,classic,Royal Enfield Bullett,650,Private listing,https://www.oldbikemart.co.uk/listings/royal-enfield-bullett-p3512/
oldbikemart,classic,Royal Enfield Crusader,2950,Private listing,https://www.oldbikemart.co.uk/listings/royal-enfield-crusader-p3393/
oldbikemart,classic,Royal Enfield Woodsman,2000,Private listing,https://www.oldbikemart.co.uk/listings/royal-enfield-woodsman-p3516/
oldbikemart,classic,Sunbeam Alpine,9500,Private listing,https://www.oldbikemart.co.uk/listings/sunbeam-alpine-p3501/
oldbikemart,classic,Suzuki A50,1600,Private listing,https://www.oldbikemart.co.uk/listings/suzuki-a50-p3216/
oldbikemart,classic,Triton Ace Cafe Special,6450,Private listing,https://www.oldbikemart.co.uk/listings/triton-ace-cafe-special-p2977/
oldbikemart,classic,Triumph,,Private listing,https://www.oldbikemart.co.uk/listings/triumph-p3293/
oldbikemart,classic,Triumph Bonneville,8000,Private listing,https://www.oldbikemart.co.uk/listings/triumph-bonneville-p3508/
oldbikemart,classic,Triumph Bonneville,,Private listing,https://www.oldbikemart.co.uk/listings/triumph-bonneville-p3176/
oldbikemart,classic,Triumph Bonneville T120R,9100,Private listing,https://www.oldbikemart.co.uk/listings/triumph-bonneville-t120r-p3415/
oldbikemart,classic,Triumph Special,6200,Private listing,https://www.oldbikemart.co.uk/listings/triumph-p3378/
oldbikemart,classic,Triumph Speed Twin,10500,Private listing,https://www.oldbikemart.co.uk/listings/triumph-speed-twin-p3515/
oldbikemart,classic,Triumph Sprint Executive,,Private listing,https://www.oldbikemart.co.uk/listings/triumph-sprint-executive-p3337/
oldbikemart,classic,Triumph T120R Bonneville pre-unit,8750,Private listing,https://www.oldbikemart.co.uk/listings/triumph-t120r-bonneville-pre-unit-p3308/
oldbikemart,classic,Triumph T140V,5500,Private listing,https://www.oldbikemart.co.uk/listings/triumph-t140v-p3194/
oldbikemart,classic,Triumph T160 Trident,6250,Private listing,https://www.oldbikemart.co.uk/listings/triumph-t160-trident-p3181/
oldbikemart,classic,Triumph TR7RV,3750,Private listing,https://www.oldbikemart.co.uk/listings/triumph-tr7rv-p3410/
oldbikemart,classic,Triumph Tiger 110,6000,Private listing,https://www.oldbikemart.co.uk/listings/triumph-tiger-110-p3507/
oldbikemart,classic,Triumph Tiger Cub,,Private listing,https://www.oldbikemart.co.uk/listings/triumph-tiger-cub-p3513/
oldbikemart,classic,Triumph Tiger TR6R,6500,Private listing,https://www.oldbikemart.co.uk/listings/triumph-tiger-tr6r-p2829/
oldbikemart,classic,Triumph Twin,,Private listing,https://www.oldbikemart.co.uk/listings/triumph-twin-p3180/
oldbikemart,classic,Velocette MAC 350,,Private listing,https://www.oldbikemart.co.uk/listings/velocette-mac-350-p3238/
oldbikemart,classic,Vintage Sidecar Body,,Private listing,https://www.oldbikemart.co.uk/listings/vintage-sidecar-body-p3218/
oldbikemart,classic,Yamaha FZS600,300,Private listing,https://www.oldbikemart.co.uk/listings/yamaha-fzs600-p3203/
oldbikemart,classic,Yamaha Virago 535,1450,Private listing,https://www.oldbikemart.co.uk/listings/yamaha-virago-535-p3497/
oldbikemart,classic,Yamaha XVS650 Dragstar,1700,Private listing,https://www.oldbikemart.co.uk/listings/yamaha-xvs650-dragstar-p3210/
oldbikemart,cruiser,AJS 18 Statesman,3750,Private listing,https://www.oldbikemart.co.uk/listings/ajs-18-statesman-p3309/
oldbikemart,cruiser,Yamaha Virago 250V,450,Private listing,https://www.oldbikemart.co.uk/listings/yamaha-virago-250v-p3506/
oldbikemart,naked,BSA Bantam,2500,Private listing,https://www.oldbikemart.co.uk/listings/bsa-bantam-p3189/
oldbikemart,naked,Honda CBF250,1800,Private listing,https://www.oldbikemart.co.uk/listings/honda-cbf250-p3184/
oldbikemart,naked,Honda NTV650 Bros,1850,Private listing,https://www.oldbikemart.co.uk/listings/honda-ntv650-bros-p3196/
oldbikemart,naked,Suzuki Sachs,2500,Private listing,https://www.oldbikemart.co.uk/listings/suzuki-sachs-p3440/
oldbikemart,off-road,Bultaco Pursang,350,Private listing,https://www.oldbikemart.co.uk/listings/bultaco-pursang-p3296/
oldbikemart,off-road,Husqvarna Classic Enduro,975,Private listing,https://www.oldbikemart.co.uk/listings/husqvarna-classic-enduro-p3360/
oldbikemart,off-road,Norton ES2 500,3950,Private listing,https://www.oldbikemart.co.uk/listings/norton-es2-500-p3422/
oldbikemart,scooter,Moto Rumi Formichino,6750,Private listing,https://www.oldbikemart.co.uk/listings/moto-rumi-formichino-p3407/
oldbikemart,sport-tourer,Aermacchi Ala Verde,5995,Private listing,https://www.oldbikemart.co.uk/listings/aermacchi-ala-verde-p3424/
oldbikemart,sport-tourer,BMW R100RS,4750,Private listing,https://www.oldbikemart.co.uk/listings/bmw-r100rs-in-blue-silver-p3288/
oldbikemart,sport-tourer,Honda 550 F3,2995,Private listing,https://www.oldbikemart.co.uk/listings/honda-550-f3-p3388/
oldbikemart,sport-tourer,Kawasaki ZZR1100,1000,Private listing,https://www.oldbikemart.co.uk/listings/kawasaki-zzr1100-p3496/
oldbikemart,sport-tourer,Triumph Daytona 955i,3000,Private listing,https://www.oldbikemart.co.uk/listings/triumph-daytona-955i-p3215/
oldbikemart,sport-tourer,Yamaha Diversion 900 shaft drive,800,Private listing,https://www.oldbikemart.co.uk/listings/yamaha-diversion-900-shaft-drive-p3289/
oldbikemart,sport-tourer,Yamaha XJ900,1200,Private listing,https://www.oldbikemart.co.uk/listings/yamaha-xj900-p3304/
oldbikemart,sports,Ducati 996S,,Private listing,https://www.oldbikemart.co.uk/listings/ducati-996s-p3362/
oldbikemart,sports,Kawasaki ZXR400,5000,Private listing,https://www.oldbikemart.co.uk/listings/kawasaki-zxr400-p3217/
oldbikemart,sports,Suzuki Gamma 250,2500,Private listing,https://www.oldbikemart.co.uk/listings/suzuki-gamma-250-p3305/
oldbikemart,touring,Honda CBF250,1300,Private listing,https://www.oldbikemart.co.uk/listings/honda-cbf250-p3404/
oldbikemart,touring,Jawa,2000,Private listing,https://www.oldbikemart.co.uk/listings/jawa-p3398/
oldbikemart,touring,Kawasaki W650,2950,Private listing,https://www.oldbikemart.co.uk/listings/kawasaki-w650-p3299/
oldbikemart,touring,Moto Guzzi California Ev,2500,Private listing,https://www.oldbikemart.co.uk/listings/moto-guzzi-california-ev-p3495/
oldbikemart,touring,Moto Guzzi Le Mans,3400,Private listing,https://www.oldbikemart.co.uk/listings/moto-guzzi-le-mans-p3421/
oldbikemart,trike,Harley-Davidson Servicar,9250,Private listing,https://www.oldbikemart.co.uk/listings/harley-davidson-servicar-p3339/
